scene,frequency_hz,height_agl_m,spacing_deg,method,total,known,capped,fallback_count,direct_statuses,query_statuses,status_mismatch,visibility_mismatch,raw_loss_error,used_loss_error,approximate_only_used_error,uncapped_used_error,power_error
flat_synthetic,14500000000.0,2.0,30.0,strict_fallback,144,144,0,144,"{""known"": 144}","{""known"": 144}",0,0,"{""count"": 144, ""mae_db"": 0.0, ""max_absolute_db"": 0.0, ""p95_absolute_db"": 0.0, ""signed_mean_db"": 0.0}","{""count"": 144, ""mae_db"": 0.0, ""max_absolute_db"": 0.0, ""p95_absolute_db"": 0.0, ""signed_mean_db"": 0.0}","{""count"": 0, ""mae_db"": null, ""max_absolute_db"": null, ""p95_absolute_db"": null, ""signed_mean_db"": null}","{""count"": 144, ""mae_db"": 0.0, ""max_absolute_db"": 0.0, ""p95_absolute_db"": 0.0, ""signed_mean_db"": 0.0}","{""count"": 144, ""mae_db"": 0.0, ""max_absolute_db"": 0.0, ""p95_absolute_db"": 0.0, ""signed_mean_db"": 0.0}"
flat_synthetic,14500000000.0,2.0,30.0,nearest_raw_diagnostic,144,144,0,24,"{""known"": 144}","{""known"": 144}",0,0,"{""count"": 144, ""mae_db"": 0.0, ""max_absolute_db"": 0.0, ""p95_absolute_db"": 0.0, ""signed_mean_db"": 0.0}","{""count"": 144, ""mae_db"": 0.0, ""max_absolute_db"": 0.0, ""p95_absolute_db"": 0.0, ""signed_mean_db"": 0.0}","{""count"": 120, ""mae_db"": 0.0, ""max_absolute_db"": 0.0, ""p95_absolute_db"": 0.0, ""signed_mean_db"": 0.0}","{""count"": 144, ""mae_db"": 0.0, ""max_absolute_db"": 0.0, ""p95_absolute_db"": 0.0, ""signed_mean_db"": 0.0}","{""count"": 144, ""mae_db"": 0.0, ""max_absolute_db"": 0.0, ""p95_absolute_db"": 0.0, ""signed_mean_db"": 0.0}"
flat_synthetic,14500000000.0,2.0,30.0,bilinear_raw_diagnostic,144,144,0,24,"{""known"": 144}","{""known"": 144}",0,0,"{""count"": 144, ""mae_db"": 0.0, ""max_absolute_db"": 0.0, ""p95_absolute_db"": 0.0, ""signed_mean_db"": 0.0}","{""count"": 144, ""mae_db"": 0.0, ""max_absolute_db"": 0.0, ""p95_absolute_db"": 0.0, ""signed_mean_db"": 0.0}","{""count"": 120, ""mae_db"": 0.0, ""max_absolute_db"": 0.0, ""p95_absolute_db"": 0.0, ""signed_mean_db"": 0.0}","{""count"": 144, ""mae_db"": 0.0, ""max_absolute_db"": 0.0, ""p95_absolute_db"": 0.0, ""signed_mean_db"": 0.0}","{""count"": 144, ""mae_db"": 0.0, ""max_absolute_db"": 0.0, ""p95_absolute_db"": 0.0, ""signed_mean_db"": 0.0}"
flat_synthetic,14500000000.0,2.0,15.0,strict_fallback,144,144,0,144,"{""known"": 144}","{""known"": 144}",0,0,"{""count"": 144, ""mae_db"": 0.0, ""max_absolute_db"": 0.0, ""p95_absolute_db"": 0.0, ""signed_mean_db"": 0.0}","{""count"": 144, ""mae_db"": 0.0, ""max_absolute_db"": 0.0, ""p95_absolute_db"": 0.0, ""signed_mean_db"": 0.0}","{""count"": 0, ""mae_db"": null, ""max_absolute_db"": null, ""p95_absolute_db"": null, ""signed_mean_db"": null}","{""count"": 144, ""mae_db"": 0.0, ""max_absolute_db"": 0.0, ""p95_absolute_db"": 0.0, ""signed_mean_db"": 0.0}","{""count"": 144, ""mae_db"": 0.0, ""max_absolute_db"": 0.0, ""p95_absolute_db"": 0.0, ""signed_mean_db"": 0.0}"
flat_synthetic,14500000000.0,2.0,15.0,nearest_raw_diagnostic,144,144,0,24,"{""known"": 144}","{""known"": 144}",0,0,"{""count"": 144, ""mae_db"": 0.0, ""max_absolute_db"": 0.0, ""p95_absolute_db"": 0.0, ""signed_mean_db"": 0.0}","{""count"": 144, ""mae_db"": 0.0, ""max_absolute_db"": 0.0, ""p95_absolute_db"": 0.0, ""signed_mean_db"": 0.0}","{""count"": 120, ""mae_db"": 0.0, ""max_absolute_db"": 0.0, ""p95_absolute_db"": 0.0, ""signed_mean_db"": 0.0}","{""count"": 144, ""mae_db"": 0.0, ""max_absolute_db"": 0.0, ""p95_absolute_db"": 0.0, ""signed_mean_db"": 0.0}","{""count"": 144, ""mae_db"": 0.0, ""max_absolute_db"": 0.0, ""p95_absolute_db"": 0.0, ""signed_mean_db"": 0.0}"
flat_synthetic,14500000000.0,2.0,15.0,bilinear_raw_diagnostic,144,144,0,24,"{""known"": 144}","{""known"": 144}",0,0,"{""count"": 144, ""mae_db"": 0.0, ""max_absolute_db"": 0.0, ""p95_absolute_db"": 0.0, ""signed_mean_db"": 0.0}","{""count"": 144, ""mae_db"": 0.0, ""max_absolute_db"": 0.0, ""p95_absolute_db"": 0.0, ""signed_mean_db"": 0.0}","{""count"": 120, ""mae_db"": 0.0, ""max_absolute_db"": 0.0, ""p95_absolute_db"": 0.0, ""signed_mean_db"": 0.0}","{""count"": 144, ""mae_db"": 0.0, ""max_absolute_db"": 0.0, ""p95_absolute_db"": 0.0, ""signed_mean_db"": 0.0}","{""count"": 144, ""mae_db"": 0.0, ""max_absolute_db"": 0.0, ""p95_absolute_db"": 0.0, ""signed_mean_db"": 0.0}"
flat_synthetic,14500000000.0,10.0,30.0,strict_fallback,144,144,0,144,"{""known"": 144}","{""known"": 144}",0,0,"{""count"": 144, ""mae_db"": 0.0, ""max_absolute_db"": 0.0, ""p95_absolute_db"": 0.0, ""signed_mean_db"": 0.0}","{""count"": 144, ""mae_db"": 0.0, ""max_absolute_db"": 0.0, ""p95_absolute_db"": 0.0, ""signed_mean_db"": 0.0}","{""count"": 0, ""mae_db"": null, ""max_absolute_db"": null, ""p95_absolute_db"": null, ""signed_mean_db"": null}","{""count"": 144, ""mae_db"": 0.0, ""max_absolute_db"": 0.0, ""p95_absolute_db"": 0.0, ""signed_mean_db"": 0.0}","{""count"": 144, ""mae_db"": 0.0, ""max_absolute_db"": 0.0, ""p95_absolute_db"": 0.0, ""signed_mean_db"": 0.0}"
flat_synthetic,14500000000.0,10.0,30.0,nearest_raw_diagnostic,144,144,0,24,"{""known"": 144}","{""known"": 144}",0,0,"{""count"": 144, ""mae_db"": 0.0, ""max_absolute_db"": 0.0, ""p95_absolute_db"": 0.0, ""signed_mean_db"": 0.0}","{""count"": 144, ""mae_db"": 0.0, ""max_absolute_db"": 0.0, ""p95_absolute_db"": 0.0, ""signed_mean_db"": 0.0}","{""count"": 120, ""mae_db"": 0.0, ""max_absolute_db"": 0.0, ""p95_absolute_db"": 0.0, ""signed_mean_db"": 0.0}","{""count"": 144, ""mae_db"": 0.0, ""max_absolute_db"": 0.0, ""p95_absolute_db"": 0.0, ""signed_mean_db"": 0.0}","{""count"": 144, ""mae_db"": 0.0, ""max_absolute_db"": 0.0, ""p95_absolute_db"": 0.0, ""signed_mean_db"": 0.0}"
flat_synthetic,14500000000.0,10.0,30.0,bilinear_raw_diagnostic,144,144,0,24,"{""known"": 144}","{""known"": 144}",0,0,"{""count"": 144, ""mae_db"": 0.0, ""max_absolute_db"": 0.0, ""p95_absolute_db"": 0.0, ""signed_mean_db"": 0.0}","{""count"": 144, ""mae_db"": 0.0, ""max_absolute_db"": 0.0, ""p95_absolute_db"": 0.0, ""signed_mean_db"": 0.0}","{""count"": 120, ""mae_db"": 0.0, ""max_absolute_db"": 0.0, ""p95_absolute_db"": 0.0, ""signed_mean_db"": 0.0}","{""count"": 144, ""mae_db"": 0.0, ""max_absolute_db"": 0.0, ""p95_absolute_db"": 0.0, ""signed_mean_db"": 0.0}","{""count"": 144, ""mae_db"": 0.0, ""max_absolute_db"": 0.0, ""p95_absolute_db"": 0.0, ""signed_mean_db"": 0.0}"
flat_synthetic,14500000000.0,10.0,15.0,strict_fallback,144,144,0,144,"{""known"": 144}","{""known"": 144}",0,0,"{""count"": 144, ""mae_db"": 0.0, ""max_absolute_db"": 0.0, ""p95_absolute_db"": 0.0, ""signed_mean_db"": 0.0}","{""count"": 144, ""mae_db"": 0.0, ""max_absolute_db"": 0.0, ""p95_absolute_db"": 0.0, ""signed_mean_db"": 0.0}","{""count"": 0, ""mae_db"": null, ""max_absolute_db"": null, ""p95_absolute_db"": null, ""signed_mean_db"": null}","{""count"": 144, ""mae_db"": 0.0, ""max_absolute_db"": 0.0, ""p95_absolute_db"": 0.0, ""signed_mean_db"": 0.0}","{""count"": 144, ""mae_db"": 0.0, ""max_absolute_db"": 0.0, ""p95_absolute_db"": 0.0, ""signed_mean_db"": 0.0}"
flat_synthetic,14500000000.0,10.0,15.0,nearest_raw_diagnostic,144,144,0,24,"{""known"": 144}","{""known"": 144}",0,0,"{""count"": 144, ""mae_db"": 0.0, ""max_absolute_db"": 0.0, ""p95_absolute_db"": 0.0, ""signed_mean_db"": 0.0}","{""count"": 144, ""mae_db"": 0.0, ""max_absolute_db"": 0.0, ""p95_absolute_db"": 0.0, ""signed_mean_db"": 0.0}","{""count"": 120, ""mae_db"": 0.0, ""max_absolute_db"": 0.0, ""p95_absolute_db"": 0.0, ""signed_mean_db"": 0.0}","{""count"": 144, ""mae_db"": 0.0, ""max_absolute_db"": 0.0, ""p95_absolute_db"": 0.0, ""signed_mean_db"": 0.0}","{""count"": 144, ""mae_db"": 0.0, ""max_absolute_db"": 0.0, ""p95_absolute_db"": 0.0, ""signed_mean_db"": 0.0}"
flat_synthetic,14500000000.0,10.0,15.0,bilinear_raw_diagnostic,144,144,0,24,"{""known"": 144}","{""known"": 144}",0,0,"{""count"": 144, ""mae_db"": 0.0, ""max_absolute_db"": 0.0, ""p95_absolute_db"": 0.0, ""signed_mean_db"": 0.0}","{""count"": 144, ""mae_db"": 0.0, ""max_absolute_db"": 0.0, ""p95_absolute_db"": 0.0, ""signed_mean_db"": 0.0}","{""count"": 120, ""mae_db"": 0.0, ""max_absolute_db"": 0.0, ""p95_absolute_db"": 0.0, ""signed_mean_db"": 0.0}","{""count"": 144, ""mae_db"": 0.0, ""max_absolute_db"": 0.0, ""p95_absolute_db"": 0.0, ""signed_mean_db"": 0.0}","{""count"": 144, ""mae_db"": 0.0, ""max_absolute_db"": 0.0, ""p95_absolute_db"": 0.0, ""signed_mean_db"": 0.0}"
flat_synthetic,1000000000.0,2.0,30.0,strict_fallback,144,144,0,144,"{""known"": 144}","{""known"": 144}",0,0,"{""count"": 144, ""mae_db"": 0.0, ""max_absolute_db"": 0.0, ""p95_absolute_db"": 0.0, ""signed_mean_db"": 0.0}","{""count"": 144, ""mae_db"": 0.0, ""max_absolute_db"": 0.0, ""p95_absolute_db"": 0.0, ""signed_mean_db"": 0.0}","{""count"": 0, ""mae_db"": null, ""max_absolute_db"": null, ""p95_absolute_db"": null, ""signed_mean_db"": null}","{""count"": 144, ""mae_db"": 0.0, ""max_absolute_db"": 0.0, ""p95_absolute_db"": 0.0, ""signed_mean_db"": 0.0}","{""count"": 144, ""mae_db"": 0.0, ""max_absolute_db"": 0.0, ""p95_absolute_db"": 0.0, ""signed_mean_db"": 0.0}"
flat_synthetic,1000000000.0,2.0,30.0,nearest_raw_diagnostic,144,144,0,24,"{""known"": 144}","{""known"": 144}",0,0,"{""count"": 144, ""mae_db"": 0.0, ""max_absolute_db"": 0.0, ""p95_absolute_db"": 0.0, ""signed_mean_db"": 0.0}","{""count"": 144, ""mae_db"": 0.0, ""max_absolute_db"": 0.0, ""p95_absolute_db"": 0.0, ""signed_mean_db"": 0.0}","{""count"": 120, ""mae_db"": 0.0, ""max_absolute_db"": 0.0, ""p95_absolute_db"": 0.0, ""signed_mean_db"": 0.0}","{""count"": 144, ""mae_db"": 0.0, ""max_absolute_db"": 0.0, ""p95_absolute_db"": 0.0, ""signed_mean_db"": 0.0}","{""count"": 144, ""mae_db"": 0.0, ""max_absolute_db"": 0.0, ""p95_absolute_db"": 0.0, ""signed_mean_db"": 0.0}"
flat_synthetic,1000000000.0,2.0,30.0,bilinear_raw_diagnostic,144,144,0,24,"{""known"": 144}","{""known"": 144}",0,0,"{""count"": 144, ""mae_db"": 0.0, ""max_absolute_db"": 0.0, ""p95_absolute_db"": 0.0, ""signed_mean_db"": 0.0}","{""count"": 144, ""mae_db"": 0.0, ""max_absolute_db"": 0.0, ""p95_absolute_db"": 0.0, ""signed_mean_db"": 0.0}","{""count"": 120, ""mae_db"": 0.0, ""max_absolute_db"": 0.0, ""p95_absolute_db"": 0.0, ""signed_mean_db"": 0.0}","{""count"": 144, ""mae_db"": 0.0, ""max_absolute_db"": 0.0, ""p95_absolute_db"": 0.0, ""signed_mean_db"": 0.0}","{""count"": 144, ""mae_db"": 0.0, ""max_absolute_db"": 0.0, ""p95_absolute_db"": 0.0, ""signed_mean_db"": 0.0}"
flat_synthetic,1000000000.0,2.0,15.0,strict_fallback,144,144,0,144,"{""known"": 144}","{""known"": 144}",0,0,"{""count"": 144, ""mae_db"": 0.0, ""max_absolute_db"": 0.0, ""p95_absolute_db"": 0.0, ""signed_mean_db"": 0.0}","{""count"": 144, ""mae_db"": 0.0, ""max_absolute_db"": 0.0, ""p95_absolute_db"": 0.0, ""signed_mean_db"": 0.0}","{""count"": 0, ""mae_db"": null, ""max_absolute_db"": null, ""p95_absolute_db"": null, ""signed_mean_db"": null}","{""count"": 144, ""mae_db"": 0.0, ""max_absolute_db"": 0.0, ""p95_absolute_db"": 0.0, ""signed_mean_db"": 0.0}","{""count"": 144, ""mae_db"": 0.0, ""max_absolute_db"": 0.0, ""p95_absolute_db"": 0.0, ""signed_mean_db"": 0.0}"
flat_synthetic,1000000000.0,2.0,15.0,nearest_raw_diagnostic,144,144,0,24,"{""known"": 144}","{""known"": 144}",0,0,"{""count"": 144, ""mae_db"": 0.0, ""max_absolute_db"": 0.0, ""p95_absolute_db"": 0.0, ""signed_mean_db"": 0.0}","{""count"": 144, ""mae_db"": 0.0, ""max_absolute_db"": 0.0, ""p95_absolute_db"": 0.0, ""signed_mean_db"": 0.0}","{""count"": 120, ""mae_db"": 0.0, ""max_absolute_db"": 0.0, ""p95_absolute_db"": 0.0, ""signed_mean_db"": 0.0}","{""count"": 144, ""mae_db"": 0.0, ""max_absolute_db"": 0.0, ""p95_absolute_db"": 0.0, ""signed_mean_db"": 0.0}","{""count"": 144, ""mae_db"": 0.0, ""max_absolute_db"": 0.0, ""p95_absolute_db"": 0.0, ""signed_mean_db"": 0.0}"
flat_synthetic,1000000000.0,2.0,15.0,bilinear_raw_diagnostic,144,144,0,24,"{""known"": 144}","{""known"": 144}",0,0,"{""count"": 144, ""mae_db"": 0.0, ""max_absolute_db"": 0.0, ""p95_absolute_db"": 0.0, ""signed_mean_db"": 0.0}","{""count"": 144, ""mae_db"": 0.0, ""max_absolute_db"": 0.0, ""p95_absolute_db"": 0.0, ""signed_mean_db"": 0.0}","{""count"": 120, ""mae_db"": 0.0, ""max_absolute_db"": 0.0, ""p95_absolute_db"": 0.0, ""signed_mean_db"": 0.0}","{""count"": 144, ""mae_db"": 0.0, ""max_absolute_db"": 0.0, ""p95_absolute_db"": 0.0, ""signed_mean_db"": 0.0}","{""count"": 144, ""mae_db"": 0.0, ""max_absolute_db"": 0.0, ""p95_absolute_db"": 0.0, ""signed_mean_db"": 0.0}"
flat_synthetic,1000000000.0,10.0,30.0,strict_fallback,144,144,0,144,"{""known"": 144}","{""known"": 144}",0,0,"{""count"": 144, ""mae_db"": 0.0, ""max_absolute_db"": 0.0, ""p95_absolute_db"": 0.0, ""signed_mean_db"": 0.0}","{""count"": 144, ""mae_db"": 0.0, ""max_absolute_db"": 0.0, ""p95_absolute_db"": 0.0, ""signed_mean_db"": 0.0}","{""count"": 0, ""mae_db"": null, ""max_absolute_db"": null, ""p95_absolute_db"": null, ""signed_mean_db"": null}","{""count"": 144, ""mae_db"": 0.0, ""max_absolute_db"": 0.0, ""p95_absolute_db"": 0.0, ""signed_mean_db"": 0.0}","{""count"": 144, ""mae_db"": 0.0, ""max_absolute_db"": 0.0, ""p95_absolute_db"": 0.0, ""signed_mean_db"": 0.0}"
flat_synthetic,1000000000.0,10.0,30.0,nearest_raw_diagnostic,144,144,0,24,"{""known"": 144}","{""known"": 144}",0,0,"{""count"": 144, ""mae_db"": 0.0, ""max_absolute_db"": 0.0, ""p95_absolute_db"": 0.0, ""signed_mean_db"": 0.0}","{""count"": 144, ""mae_db"": 0.0, ""max_absolute_db"": 0.0, ""p95_absolute_db"": 0.0, ""signed_mean_db"": 0.0}","{""count"": 120, ""mae_db"": 0.0, ""max_absolute_db"": 0.0, ""p95_absolute_db"": 0.0, ""signed_mean_db"": 0.0}","{""count"": 144, ""mae_db"": 0.0, ""max_absolute_db"": 0.0, ""p95_absolute_db"": 0.0, ""signed_mean_db"": 0.0}","{""count"": 144, ""mae_db"": 0.0, ""max_absolute_db"": 0.0, ""p95_absolute_db"": 0.0, ""signed_mean_db"": 0.0}"
flat_synthetic,1000000000.0,10.0,30.0,bilinear_raw_diagnostic,144,144,0,24,"{""known"": 144}","{""known"": 144}",0,0,"{""count"": 144, ""mae_db"": 0.0, ""max_absolute_db"": 0.0, ""p95_absolute_db"": 0.0, ""signed_mean_db"": 0.0}","{""count"": 144, ""mae_db"": 0.0, ""max_absolute_db"": 0.0, ""p95_absolute_db"": 0.0, ""signed_mean_db"": 0.0}","{""count"": 120, ""mae_db"": 0.0, ""max_absolute_db"": 0.0, ""p95_absolute_db"": 0.0, ""signed_mean_db"": 0.0}","{""count"": 144, ""mae_db"": 0.0, ""max_absolute_db"": 0.0, ""p95_absolute_db"": 0.0, ""signed_mean_db"": 0.0}","{""count"": 144, ""mae_db"": 0.0, ""max_absolute_db"": 0.0, ""p95_absolute_db"": 0.0, ""signed_mean_db"": 0.0}"
flat_synthetic,1000000000.0,10.0,15.0,strict_fallback,144,144,0,144,"{""known"": 144}","{""known"": 144}",0,0,"{""count"": 144, ""mae_db"": 0.0, ""max_absolute_db"": 0.0, ""p95_absolute_db"": 0.0, ""signed_mean_db"": 0.0}","{""count"": 144, ""mae_db"": 0.0, ""max_absolute_db"": 0.0, ""p95_absolute_db"": 0.0, ""signed_mean_db"": 0.0}","{""count"": 0, ""mae_db"": null, ""max_absolute_db"": null, ""p95_absolute_db"": null, ""signed_mean_db"": null}","{""count"": 144, ""mae_db"": 0.0, ""max_absolute_db"": 0.0, ""p95_absolute_db"": 0.0, ""signed_mean_db"": 0.0}","{""count"": 144, ""mae_db"": 0.0, ""max_absolute_db"": 0.0, ""p95_absolute_db"": 0.0, ""signed_mean_db"": 0.0}"
flat_synthetic,1000000000.0,10.0,15.0,nearest_raw_diagnostic,144,144,0,24,"{""known"": 144}","{""known"": 144}",0,0,"{""count"": 144, ""mae_db"": 0.0, ""max_absolute_db"": 0.0, ""p95_absolute_db"": 0.0, ""signed_mean_db"": 0.0}","{""count"": 144, ""mae_db"": 0.0, ""max_absolute_db"": 0.0, ""p95_absolute_db"": 0.0, ""signed_mean_db"": 0.0}","{""count"": 120, ""mae_db"": 0.0, ""max_absolute_db"": 0.0, ""p95_absolute_db"": 0.0, ""signed_mean_db"": 0.0}","{""count"": 144, ""mae_db"": 0.0, ""max_absolute_db"": 0.0, ""p95_absolute_db"": 0.0, ""signed_mean_db"": 0.0}","{""count"": 144, ""mae_db"": 0.0, ""max_absolute_db"": 0.0, ""p95_absolute_db"": 0.0, ""signed_mean_db"": 0.0}"
flat_synthetic,1000000000.0,10.0,15.0,bilinear_raw_diagnostic,144,144,0,24,"{""known"": 144}","{""known"": 144}",0,0,"{""count"": 144, ""mae_db"": 0.0, ""max_absolute_db"": 0.0, ""p95_absolute_db"": 0.0, ""signed_mean_db"": 0.0}","{""count"": 144, ""mae_db"": 0.0, ""max_absolute_db"": 0.0, ""p95_absolute_db"": 0.0, ""signed_mean_db"": 0.0}","{""count"": 120, ""mae_db"": 0.0, ""max_absolute_db"": 0.0, ""p95_absolute_db"": 0.0, ""signed_mean_db"": 0.0}","{""count"": 144, ""mae_db"": 0.0, ""max_absolute_db"": 0.0, ""p95_absolute_db"": 0.0, ""signed_mean_db"": 0.0}","{""count"": 144, ""mae_db"": 0.0, ""max_absolute_db"": 0.0, ""p95_absolute_db"": 0.0, ""signed_mean_db"": 0.0}"
qinling_mountain,14500000000.0,2.0,30.0,strict_fallback,144,144,0,144,"{""known"": 144}","{""known"": 144}",0,0,"{""count"": 144, ""mae_db"": 0.0, ""max_absolute_db"": 0.0, ""p95_absolute_db"": 0.0, ""signed_mean_db"": 0.0}","{""count"": 144, ""mae_db"": 0.0, ""max_absolute_db"": 0.0, ""p95_absolute_db"": 0.0, ""signed_mean_db"": 0.0}","{""count"": 0, ""mae_db"": null, ""max_absolute_db"": null, ""p95_absolute_db"": null, ""signed_mean_db"": null}","{""count"": 144, ""mae_db"": 0.0, ""max_absolute_db"": 0.0, ""p95_absolute_db"": 0.0, ""signed_mean_db"": 0.0}","{""count"": 144, ""mae_db"": 0.0, ""max_absolute_db"": 0.0, ""p95_absolute_db"": 0.0, ""signed_mean_db"": 0.0}"
qinling_mountain,14500000000.0,2.0,30.0,nearest_raw_diagnostic,144,144,0,56,"{""known"": 144}","{""known"": 144}",0,0,"{""count"": 144, ""mae_db"": 0.6078693407029427, ""max_absolute_db"": 10.884356935990496, ""p95_absolute_db"": 2.7665629976097237, ""signed_mean_db"": 0.5354782141333052}","{""count"": 144, ""mae_db"": 0.6078693407029427, ""max_absolute_db"": 10.884356935990496, ""p95_absolute_db"": 2.7665629976097237, ""signed_mean_db"": 0.5354782141333052}","{""count"": 88, ""mae_db"": 0.9946952847866335, ""max_absolute_db"": 10.884356935990496, ""p95_absolute_db"": 3.761122278078712, ""signed_mean_db"": 0.8762370776726811}","{""count"": 144, ""mae_db"": 0.6078693407029427, ""max_absolute_db"": 10.884356935990496, ""p95_absolute_db"": 2.7665629976097237, ""signed_mean_db"": 0.5354782141333052}","{""count"": 144, ""mae_db"": 0.6078693407029417, ""max_absolute_db"": 10.884356935990496, ""p95_absolute_db"": 2.7665629976097215, ""signed_mean_db"": -0.5354782141333041}"
qinling_mountain,14500000000.0,2.0,30.0,bilinear_raw_diagnostic,144,144,0,56,"{""known"": 144}","{""known"": 144}",0,0,"{""count"": 144, ""mae_db"": 0.40624244965343304, ""max_absolute_db"": 5.503106785116664, ""p95_absolute_db"": 2.0614866943070886, ""signed_mean_db"": -0.1337172267726785}","{""count"": 144, ""mae_db"": 0.40624244965343304, ""max_absolute_db"": 5.503106785116664, ""p95_absolute_db"": 2.0614866943070886, ""signed_mean_db"": -0.1337172267726785}","{""count"": 88, ""mae_db"": 0.664760372160163, ""max_absolute_db"": 5.503106785116664, ""p95_absolute_db"": 2.5994257566253185, ""signed_mean_db"": -0.21881000744620113}","{""count"": 144, ""mae_db"": 0.40624244965343304, ""max_absolute_db"": 5.503106785116664, ""p95_absolute_db"": 2.0614866943070886, ""signed_mean_db"": -0.1337172267726785}","{""count"": 144, ""mae_db"": 0.406242449653432, ""max_absolute_db"": 5.503106785116643, ""p95_absolute_db"": 2.061486694307085, ""signed_mean_db"": 0.13371722677267922}"
qinling_mountain,14500000000.0,2.0,15.0,strict_fallback,144,144,0,144,"{""known"": 144}","{""known"": 144}",0,0,"{""count"": 144, ""mae_db"": 0.0, ""max_absolute_db"": 0.0, ""p95_absolute_db"": 0.0, ""signed_mean_db"": 0.0}","{""count"": 144, ""mae_db"": 0.0, ""max_absolute_db"": 0.0, ""p95_absolute_db"": 0.0, ""signed_mean_db"": 0.0}","{""count"": 0, ""mae_db"": null, ""max_absolute_db"": null, ""p95_absolute_db"": null, ""signed_mean_db"": null}","{""count"": 144, ""mae_db"": 0.0, ""max_absolute_db"": 0.0, ""p95_absolute_db"": 0.0, ""signed_mean_db"": 0.0}","{""count"": 144, ""mae_db"": 0.0, ""max_absolute_db"": 0.0, ""p95_absolute_db"": 0.0, ""signed_mean_db"": 0.0}"
qinling_mountain,14500000000.0,2.0,15.0,nearest_raw_diagnostic,144,144,0,47,"{""known"": 144}","{""known"": 144}",0,0,"{""count"": 144, ""mae_db"": 0.887053543749196, ""max_absolute_db"": 15.108648952864193, ""p95_absolute_db"": 4.342903622807415, ""signed_mean_db"": 0.6039550558973938}","{""count"": 144, ""mae_db"": 0.887053543749196, ""max_absolute_db"": 15.108648952864193, ""p95_absolute_db"": 4.342903622807415, ""signed_mean_db"": 0.6039550558973938}","{""count"": 97, ""mae_db"": 1.3168629927823114, ""max_absolute_db"": 15.108648952864193, ""p95_absolute_db"": 4.9138720873016455, ""signed_mean_db"": 0.8965930726724196}","{""count"": 144, ""mae_db"": 0.887053543749196, ""max_absolute_db"": 15.108648952864193, ""p95_absolute_db"": 4.342903622807415, ""signed_mean_db"": 0.6039550558973938}","{""count"": 144, ""mae_db"": 0.8870535437491954, ""max_absolute_db"": 15.108648952864172, ""p95_absolute_db"": 4.342903622807431, ""signed_mean_db"": -0.6039550558973935}"
qinling_mountain,14500000000.0,2.0,15.0,bilinear_raw_diagnostic,144,144,0,47,"{""known"": 144}","{""known"": 144}",0,0,"{""count"": 144, ""mae_db"": 0.44908061592265547, ""max_absolute_db"": 9.442067111067935, ""p95_absolute_db"": 2.6171753829334437, ""signed_mean_db"": -0.1945545088896189}","{""count"": 144, ""mae_db"": 0.44908061592265547, ""max_absolute_db"": 9.442067111067935, ""p95_absolute_db"": 2.6171753829334437, ""signed_mean_db"": -0.1945545088896189}","{""count"": 97, ""mae_db"": 0.6666763782769318, ""max_absolute_db"": 9.442067111067935, ""p95_absolute_db"": 2.9798709537567456, ""signed_mean_db"": -0.28882318845469196}","{""count"": 144, ""mae_db"": 0.44908061592265547, ""max_absolute_db"": 9.442067111067935, ""p95_absolute_db"": 2.6171753829334437, ""signed_mean_db"": -0.1945545088896189}","{""count"": 144, ""mae_db"": 0.4490806159226557, ""max_absolute_db"": 9.442067111067928, ""p95_absolute_db"": 2.6171753829334508, ""signed_mean_db"": 0.19455450888961956}"
qinling_mountain,14500000000.0,10.0,30.0,strict_fallback,144,144,0,144,"{""known"": 144}","{""known"": 144}",0,0,"{""count"": 144, ""mae_db"": 0.0, ""max_absolute_db"": 0.0, ""p95_absolute_db"": 0.0, ""signed_mean_db"": 0.0}","{""count"": 144, ""mae_db"": 0.0, ""max_absolute_db"": 0.0, ""p95_absolute_db"": 0.0, ""signed_mean_db"": 0.0}","{""count"": 0, ""mae_db"": null, ""max_absolute_db"": null, ""p95_absolute_db"": null, ""signed_mean_db"": null}","{""count"": 144, ""mae_db"": 0.0, ""max_absolute_db"": 0.0, ""p95_absolute_db"": 0.0, ""signed_mean_db"": 0.0}","{""count"": 144, ""mae_db"": 0.0, ""max_absolute_db"": 0.0, ""p95_absolute_db"": 0.0, ""signed_mean_db"": 0.0}"
qinling_mountain,14500000000.0,10.0,30.0,nearest_raw_diagnostic,144,144,0,58,"{""known"": 144}","{""known"": 144}",0,0,"{""count"": 144, ""mae_db"": 0.5153431946863637, ""max_absolute_db"": 4.942622056676839, ""p95_absolute_db"": 2.802144258843594, ""signed_mean_db"": 0.4313488146994708}","{""count"": 144, ""mae_db"": 0.5153431946863637, ""max_absolute_db"": 4.942622056676839, ""p95_absolute_db"": 2.802144258843594, ""signed_mean_db"": 0.4313488146994708}","{""count"": 86, ""mae_db"": 0.8629002329632136, ""max_absolute_db"": 4.942622056676839, ""p95_absolute_db"": 3.040858096207982, ""signed_mean_db"": 0.7222584804270209}","{""count"": 144, ""mae_db"": 0.5153431946863637, ""max_absolute_db"": 4.942622056676839, ""p95_absolute_db"": 2.802144258843594, ""signed_mean_db"": 0.4313488146994708}","{""count"": 144, ""mae_db"": 0.5153431946863637, ""max_absolute_db"": 4.942622056676839, ""p95_absolute_db"": 2.802144258843595, ""signed_mean_db"": -0.4313488146994708}"
qinling_mountain,14500000000.0,10.0,30.0,bilinear_raw_diagnostic,144,144,0,58,"{""known"": 144}","{""known"": 144}",0,0,"{""count"": 144, ""mae_db"": 0.3590205929250424, ""max_absolute_db"": 6.064571258886097, ""p95_absolute_db"": 1.7581534498460367, ""signed_mean_db"": -0.1289360584895214}","{""count"": 144, ""mae_db"": 0.3590205929250424, ""max_absolute_db"": 6.064571258886097, ""p95_absolute_db"": 1.7581534498460367, ""signed_mean_db"": -0.1289360584895214}","{""count"": 86, ""mae_db"": 0.6011507602465826, ""max_absolute_db"": 6.064571258886097, ""p95_absolute_db"": 2.239521607615698, ""signed_mean_db"": -0.2158929351452451}","{""count"": 144, ""mae_db"": 0.3590205929250424, ""max_absolute_db"": 6.064571258886097, ""p95_absolute_db"": 1.7581534498460367, ""signed_mean_db"": -0.1289360584895214}","{""count"": 144, ""mae_db"": 0.359020592925042, ""max_absolute_db"": 6.0645712588861045, ""p95_absolute_db"": 1.7581534498460558, ""signed_mean_db"": 0.12893605848952008}"
qinling_mountain,14500000000.0,10.0,15.0,strict_fallback,144,144,0,144,"{""known"": 144}","{""known"": 144}",0,0,"{""count"": 144, ""mae_db"": 0.0, ""max_absolute_db"": 0.0, ""p95_absolute_db"": 0.0, ""signed_mean_db"": 0.0}","{""count"": 144, ""mae_db"": 0.0, ""max_absolute_db"": 0.0, ""p95_absolute_db"": 0.0, ""signed_mean_db"": 0.0}","{""count"": 0, ""mae_db"": null, ""max_absolute_db"": null, ""p95_absolute_db"": null, ""signed_mean_db"": null}","{""count"": 144, ""mae_db"": 0.0, ""max_absolute_db"": 0.0, ""p95_absolute_db"": 0.0, ""signed_mean_db"": 0.0}","{""count"": 144, ""mae_db"": 0.0, ""max_absolute_db"": 0.0, ""p95_absolute_db"": 0.0, ""signed_mean_db"": 0.0}"
qinling_mountain,14500000000.0,10.0,15.0,nearest_raw_diagnostic,144,144,0,48,"{""known"": 144}","{""known"": 144}",0,0,"{""count"": 144, ""mae_db"": 0.7627983246161149, ""max_absolute_db"": 9.11415891544624, ""p95_absolute_db"": 3.7263560925817476, ""signed_mean_db"": 0.6706568791261469}","{""count"": 144, ""mae_db"": 0.7627983246161149, ""max_absolute_db"": 9.11415891544624, ""p95_absolute_db"": 3.7263560925817476, ""signed_mean_db"": 0.6706568791261469}","{""count"": 96, ""mae_db"": 1.1441974869241724, ""max_absolute_db"": 9.11415891544624, ""p95_absolute_db"": 4.603801534963198, ""signed_mean_db"": 1.0059853186892205}","{""count"": 144, ""mae_db"": 0.7627983246161149, ""max_absolute_db"": 9.11415891544624, ""p95_absolute_db"": 3.7263560925817476, ""signed_mean_db"": 0.6706568791261469}","{""count"": 144, ""mae_db"": 0.7627983246161154, ""max_absolute_db"": 9.11415891544624, ""p95_absolute_db"": 3.7263560925817494, ""signed_mean_db"": -0.6706568791261476}"
qinling_mountain,14500000000.0,10.0,15.0,bilinear_raw_diagnostic,144,144,0,48,"{""known"": 144}","{""known"": 144}",0,0,"{""count"": 144, ""mae_db"": 0.41135731191425245, ""max_absolute_db"": 7.2462881986323495, ""p95_absolute_db"": 1.8771806763028884, ""signed_mean_db"": -0.0851098286171698}","{""count"": 144, ""mae_db"": 0.41135731191425245, ""max_absolute_db"": 7.2462881986323495, ""p95_absolute_db"": 1.8771806763028884, ""signed_mean_db"": -0.0851098286171698}","{""count"": 96, ""mae_db"": 0.6170359678713787, ""max_absolute_db"": 7.2462881986323495, ""p95_absolute_db"": 2.4882720267501934, ""signed_mean_db"": -0.1276647429257547}","{""count"": 144, ""mae_db"": 0.41135731191425245, ""max_absolute_db"": 7.2462881986323495, ""p95_absolute_db"": 1.8771806763028884, ""signed_mean_db"": -0.0851098286171698}","{""count"": 144, ""mae_db"": 0.41135731191425173, ""max_absolute_db"": 7.246288198632328, ""p95_absolute_db"": 1.8771806763028833, ""signed_mean_db"": 0.08510982861716837}"
qinling_mountain,1000000000.0,2.0,30.0,strict_fallback,144,144,0,144,"{""known"": 144}","{""known"": 144}",0,0,"{""count"": 144, ""mae_db"": 0.0, ""max_absolute_db"": 0.0, ""p95_absolute_db"": 0.0, ""signed_mean_db"": 0.0}","{""count"": 144, ""mae_db"": 0.0, ""max_absolute_db"": 0.0, ""p95_absolute_db"": 0.0, ""signed_mean_db"": 0.0}","{""count"": 0, ""mae_db"": null, ""max_absolute_db"": null, ""p95_absolute_db"": null, ""signed_mean_db"": null}","{""count"": 144, ""mae_db"": 0.0, ""max_absolute_db"": 0.0, ""p95_absolute_db"": 0.0, ""signed_mean_db"": 0.0}","{""count"": 144, ""mae_db"": 0.0, ""max_absolute_db"": 0.0, ""p95_absolute_db"": 0.0, ""signed_mean_db"": 0.0}"
qinling_mountain,1000000000.0,2.0,30.0,nearest_raw_diagnostic,144,144,0,56,"{""known"": 144}","{""known"": 144}",0,0,"{""count"": 144, ""mae_db"": 0.6581845560628277, ""max_absolute_db"": 10.645101457248327, ""p95_absolute_db"": 3.092248030296664, ""signed_mean_db"": 0.5856190182643775}","{""count"": 144, ""mae_db"": 0.6581845560628277, ""max_absolute_db"": 10.645101457248327, ""p95_absolute_db"": 3.092248030296664, ""signed_mean_db"": 0.5856190182643775}","{""count"": 88, ""mae_db"": 1.0770292735573543, ""max_absolute_db"": 10.645101457248327, ""p95_absolute_db"": 4.299251658787888, ""signed_mean_db"": 0.9582856662507996}","{""count"": 144, ""mae_db"": 0.6581845560628277, ""max_absolute_db"": 10.645101457248327, ""p95_absolute_db"": 3.092248030296664, ""signed_mean_db"": 0.5856190182643775}","{""count"": 144, ""mae_db"": 0.6581845560628283, ""max_absolute_db"": 10.64510145724833, ""p95_absolute_db"": 3.092248030296648, ""signed_mean_db"": -0.5856190182643781}"
qinling_mountain,1000000000.0,2.0,30.0,bilinear_raw_diagnostic,144,144,0,56,"{""known"": 144}","{""known"": 144}",0,0,"{""count"": 144, ""mae_db"": 0.42960682395792177, ""max_absolute_db"": 5.2783849048111335, ""p95_absolute_db"": 2.0674561067768877, ""signed_mean_db"": -0.09145293310796249}","{""count"": 144, ""mae_db"": 0.42960682395792177, ""max_absolute_db"": 5.2783849048111335, ""p95_absolute_db"": 2.0674561067768877, ""signed_mean_db"": -0.09145293310796249}","{""count"": 88, ""mae_db"": 0.7029929846584174, ""max_absolute_db"": 5.2783849048111335, ""p95_absolute_db"": 2.964333392342887, ""signed_mean_db"": -0.14965025417666586}","{""count"": 144, ""mae_db"": 0.42960682395792177, ""max_absolute_db"": 5.2783849048111335, ""p95_absolute_db"": 2.0674561067768877, ""signed_mean_db"": -0.09145293310796249}","{""count"": 144, ""mae_db"": 0.42960682395792166, ""max_absolute_db"": 5.2783849048111335, ""p95_absolute_db"": 2.067456106776906, ""signed_mean_db"": 0.09145293310796238}"
qinling_mountain,1000000000.0,2.0,15.0,strict_fallback,144,144,0,144,"{""known"": 144}","{""known"": 144}",0,0,"{""count"": 144, ""mae_db"": 0.0, ""max_absolute_db"": 0.0, ""p95_absolute_db"": 0.0, ""signed_mean_db"": 0.0}","{""count"": 144, ""mae_db"": 0.0, ""max_absolute_db"": 0.0, ""p95_absolute_db"": 0.0, ""signed_mean_db"": 0.0}","{""count"": 0, ""mae_db"": null, ""max_absolute_db"": null, ""p95_absolute_db"": null, ""signed_mean_db"": null}","{""count"": 144, ""mae_db"": 0.0, ""max_absolute_db"": 0.0, ""p95_absolute_db"": 0.0, ""signed_mean_db"": 0.0}","{""count"": 144, ""mae_db"": 0.0, ""max_absolute_db"": 0.0, ""p95_absolute_db"": 0.0, ""signed_mean_db"": 0.0}"
qinling_mountain,1000000000.0,2.0,15.0,nearest_raw_diagnostic,144,144,0,47,"{""known"": 144}","{""known"": 144}",0,0,"{""count"": 144, ""mae_db"": 0.9087252018098266, ""max_absolute_db"": 15.014640294927549, ""p95_absolute_db"": 4.3543533699077095, ""signed_mean_db"": 0.6267308040022216}","{""count"": 144, ""mae_db"": 0.9087252018098266, ""max_absolute_db"": 15.014640294927549, ""p95_absolute_db"": 4.3543533699077095, ""signed_mean_db"": 0.6267308040022216}","{""count"": 97, ""mae_db"": 1.3490353511403612, ""max_absolute_db"": 15.014640294927549, ""p95_absolute_db"": 4.91239418514212, ""signed_mean_db"": 0.9304044925393806}","{""count"": 144, ""mae_db"": 0.9087252018098266, ""max_absolute_db"": 15.014640294927549, ""p95_absolute_db"": 4.3543533699077095, ""signed_mean_db"": 0.6267308040022216}","{""count"": 144, ""mae_db"": 0.9087252018098275, ""max_absolute_db"": 15.014640294927545, ""p95_absolute_db"": 4.354353369907714, ""signed_mean_db"": -0.6267308040022228}"
qinling_mountain,1000000000.0,2.0,15.0,bilinear_raw_diagnostic,144,144,0,47,"{""known"": 144}","{""known"": 144}",0,0,"{""count"": 144, ""mae_db"": 0.4187852085895201, ""max_absolute_db"": 9.124180264662755, ""p95_absolute_db"": 2.1931596031712868, ""signed_mean_db"": -0.13122348238631634}","{""count"": 144, ""mae_db"": 0.4187852085895201, ""max_absolute_db"": 9.124180264662755, ""p95_absolute_db"": 2.1931596031712868, ""signed_mean_db"": -0.13122348238631634}","{""count"": 97, ""mae_db"": 0.6217017529576381, ""max_absolute_db"": 9.124180264662755, ""p95_absolute_db"": 2.850685447283538, ""signed_mean_db"": -0.19480599447040775}","{""count"": 144, ""mae_db"": 0.4187852085895201, ""max_absolute_db"": 9.124180264662755, ""p95_absolute_db"": 2.1931596031712868, ""signed_mean_db"": -0.13122348238631634}","{""count"": 144, ""mae_db"": 0.4187852085895205, ""max_absolute_db"": 9.124180264662755, ""p95_absolute_db"": 2.1931596031712948, ""signed_mean_db"": 0.1312234823863161}"
qinling_mountain,1000000000.0,10.0,30.0,strict_fallback,144,144,0,144,"{""known"": 144}","{""known"": 144}",0,0,"{""count"": 144, ""mae_db"": 0.0, ""max_absolute_db"": 0.0, ""p95_absolute_db"": 0.0, ""signed_mean_db"": 0.0}","{""count"": 144, ""mae_db"": 0.0, ""max_absolute_db"": 0.0, ""p95_absolute_db"": 0.0, ""signed_mean_db"": 0.0}","{""count"": 0, ""mae_db"": null, ""max_absolute_db"": null, ""p95_absolute_db"": null, ""signed_mean_db"": null}","{""count"": 144, ""mae_db"": 0.0, ""max_absolute_db"": 0.0, ""p95_absolute_db"": 0.0, ""signed_mean_db"": 0.0}","{""count"": 144, ""mae_db"": 0.0, ""max_absolute_db"": 0.0, ""p95_absolute_db"": 0.0, ""signed_mean_db"": 0.0}"
qinling_mountain,1000000000.0,10.0,30.0,nearest_raw_diagnostic,144,144,0,58,"{""known"": 144}","{""known"": 144}",0,0,"{""count"": 144, ""mae_db"": 0.5434367064189609, ""max_absolute_db"": 4.9558087191615385, ""p95_absolute_db"": 2.889837714810373, ""signed_mean_db"": 0.45935915843510167}","{""count"": 144, ""mae_db"": 0.5434367064189609, ""max_absolute_db"": 4.9558087191615385, ""p95_absolute_db"": 2.889837714810373, ""signed_mean_db"": 0.45935915843510167}","{""count"": 86, ""mae_db"": 0.9099405316782601, ""max_absolute_db"": 4.9558087191615385, ""p95_absolute_db"": 3.2210252448563335, ""signed_mean_db"": 0.7691595211006357}","{""count"": 144, ""mae_db"": 0.5434367064189609, ""max_absolute_db"": 4.9558087191615385, ""p95_absolute_db"": 2.889837714810373, ""signed_mean_db"": 0.45935915843510167}","{""count"": 144, ""mae_db"": 0.5434367064189599, ""max_absolute_db"": 4.955808719161524, ""p95_absolute_db"": 2.889837714810366, ""signed_mean_db"": -0.4593591584351009}"
qinling_mountain,1000000000.0,10.0,30.0,bilinear_raw_diagnostic,144,144,0,58,"{""known"": 144}","{""known"": 144}",0,0,"{""count"": 144, ""mae_db"": 0.3695560974242455, ""max_absolute_db"": 6.054908213841237, ""p95_absolute_db"": 1.775684094923689, ""signed_mean_db"": -0.11187900162217725}","{""count"": 144, ""mae_db"": 0.3695560974242455, ""max_absolute_db"": 6.054908213841237, ""p95_absolute_db"": 1.775684094923689, ""signed_mean_db"": -0.11187900162217725}","{""count"": 86, ""mae_db"": 0.6187916049894343, ""max_absolute_db"": 6.054908213841237, ""p95_absolute_db"": 2.2387151404788437, ""signed_mean_db"": -0.1873322817859712}","{""count"": 144, ""mae_db"": 0.3695560974242455, ""max_absolute_db"": 6.054908213841237, ""p95_absolute_db"": 1.775684094923689, ""signed_mean_db"": -0.11187900162217725}","{""count"": 144, ""mae_db"": 0.369556097424245, ""max_absolute_db"": 6.05490821384123, ""p95_absolute_db"": 1.7756840949236896, ""signed_mean_db"": 0.11187900162217741}"
qinling_mountain,1000000000.0,10.0,15.0,strict_fallback,144,144,0,144,"{""known"": 144}","{""known"": 144}",0,0,"{""count"": 144, ""mae_db"": 0.0, ""max_absolute_db"": 0.0, ""p95_absolute_db"": 0.0, ""signed_mean_db"": 0.0}","{""count"": 144, ""mae_db"": 0.0, ""max_absolute_db"": 0.0, ""p95_absolute_db"": 0.0, ""signed_mean_db"": 0.0}","{""count"": 0, ""mae_db"": null, ""max_absolute_db"": null, ""p95_absolute_db"": null, ""signed_mean_db"": null}","{""count"": 144, ""mae_db"": 0.0, ""max_absolute_db"": 0.0, ""p95_absolute_db"": 0.0, ""signed_mean_db"": 0.0}","{""count"": 144, ""mae_db"": 0.0, ""max_absolute_db"": 0.0, ""p95_absolute_db"": 0.0, ""signed_mean_db"": 0.0}"
qinling_mountain,1000000000.0,10.0,15.0,nearest_raw_diagnostic,144,144,0,48,"{""known"": 144}","{""known"": 144}",0,0,"{""count"": 144, ""mae_db"": 0.8006814776127202, ""max_absolute_db"": 8.96433407387405, ""p95_absolute_db"": 4.443887829511237, ""signed_mean_db"": 0.7083058451491031}","{""count"": 144, ""mae_db"": 0.8006814776127202, ""max_absolute_db"": 8.96433407387405, ""p95_absolute_db"": 4.443887829511237, ""signed_mean_db"": 0.7083058451491031}","{""count"": 96, ""mae_db"": 1.2010222164190802, ""max_absolute_db"": 8.96433407387405, ""p95_absolute_db"": 4.86199701503849, ""signed_mean_db"": 1.0624587677236546}","{""count"": 144, ""mae_db"": 0.8006814776127202, ""max_absolute_db"": 8.96433407387405, ""p95_absolute_db"": 4.443887829511237, ""signed_mean_db"": 0.7083058451491031}","{""count"": 144, ""mae_db"": 0.800681477612719, ""max_absolute_db"": 8.964334073874056, ""p95_absolute_db"": 4.443887829511244, ""signed_mean_db"": -0.7083058451491018}"
qinling_mountain,1000000000.0,10.0,15.0,bilinear_raw_diagnostic,144,144,0,48,"{""known"": 144}","{""known"": 144}",0,0,"{""count"": 144, ""mae_db"": 0.40294802566351084, ""max_absolute_db"": 4.5183361972331255, ""p95_absolute_db"": 1.8819414925958402, ""signed_mean_db"": -0.051941297886272025}","{""count"": 144, ""mae_db"": 0.40294802566351084, ""max_absolute_db"": 4.5183361972331255, ""p95_absolute_db"": 1.8819414925958402, ""signed_mean_db"": -0.051941297886272025}","{""count"": 96, ""mae_db"": 0.6044220384952662, ""max_absolute_db"": 4.5183361972331255, ""p95_absolute_db"": 2.5264493622098403, ""signed_mean_db"": -0.07791194682940804}","{""count"": 144, ""mae_db"": 0.40294802566351084, ""max_absolute_db"": 4.5183361972331255, ""p95_absolute_db"": 1.8819414925958402, ""signed_mean_db"": -0.051941297886272025}","{""count"": 144, ""mae_db"": 0.4029480256635101, ""max_absolute_db"": 4.51833619723314, ""p95_absolute_db"": 1.8819414925958426, ""signed_mean_db"": 0.05194129788627282}"
