scene,case,spacing_deg,method,parameters,same_local_cache_key,changed_components,direct_raw_loss_db,queried_raw_loss_db,direct_used_loss_db,queried_used_loss_db,direct_gain_dbi,direct_power_dbm,query_method,power_error_db,direct_cap,query_cap,m1_crosscheck
flat_synthetic,baseline,30.0,strict_fallback,"{""antenna"": ""isotropic"", ""azimuth_deg"": 0.0, ""eirp_dbm"": 40.0, ""elevation_deg"": 5.0, ""frequency_hz"": 14500000000.0, ""height_agl_m"": 2.0}",True,"{""atmosphere"": false, ""fspl"": false, ""local"": false, ""misc"": false}",0.0,0.0,0.0,0.0,0.0,-131.48239703458438,sample,0.0,False,False,True
flat_synthetic,baseline,30.0,nearest_raw_diagnostic,"{""antenna"": ""isotropic"", ""azimuth_deg"": 0.0, ""eirp_dbm"": 40.0, ""elevation_deg"": 5.0, ""frequency_hz"": 14500000000.0, ""height_agl_m"": 2.0}",True,"{""atmosphere"": false, ""fspl"": false, ""local"": false, ""misc"": false}",0.0,0.0,0.0,0.0,0.0,-131.48239703458438,sample,0.0,False,False,True
flat_synthetic,baseline,30.0,bilinear_raw_diagnostic,"{""antenna"": ""isotropic"", ""azimuth_deg"": 0.0, ""eirp_dbm"": 40.0, ""elevation_deg"": 5.0, ""frequency_hz"": 14500000000.0, ""height_agl_m"": 2.0}",True,"{""atmosphere"": false, ""fspl"": false, ""local"": false, ""misc"": false}",0.0,0.0,0.0,0.0,0.0,-131.48239703458438,sample,0.0,False,False,True
flat_synthetic,baseline,15.0,strict_fallback,"{""antenna"": ""isotropic"", ""azimuth_deg"": 0.0, ""eirp_dbm"": 40.0, ""elevation_deg"": 5.0, ""frequency_hz"": 14500000000.0, ""height_agl_m"": 2.0}",True,"{""atmosphere"": false, ""fspl"": false, ""local"": false, ""misc"": false}",0.0,0.0,0.0,0.0,0.0,-131.48239703458438,sample,0.0,False,False,True
flat_synthetic,baseline,15.0,nearest_raw_diagnostic,"{""antenna"": ""isotropic"", ""azimuth_deg"": 0.0, ""eirp_dbm"": 40.0, ""elevation_deg"": 5.0, ""frequency_hz"": 14500000000.0, ""height_agl_m"": 2.0}",True,"{""atmosphere"": false, ""fspl"": false, ""local"": false, ""misc"": false}",0.0,0.0,0.0,0.0,0.0,-131.48239703458438,sample,0.0,False,False,True
flat_synthetic,baseline,15.0,bilinear_raw_diagnostic,"{""antenna"": ""isotropic"", ""azimuth_deg"": 0.0, ""eirp_dbm"": 40.0, ""elevation_deg"": 5.0, ""frequency_hz"": 14500000000.0, ""height_agl_m"": 2.0}",True,"{""atmosphere"": false, ""fspl"": false, ""local"": false, ""misc"": false}",0.0,0.0,0.0,0.0,0.0,-131.48239703458438,sample,0.0,False,False,True
flat_synthetic,power,30.0,strict_fallback,"{""antenna"": ""isotropic"", ""azimuth_deg"": 0.0, ""eirp_dbm"": 50.0, ""elevation_deg"": 5.0, ""frequency_hz"": 14500000000.0, ""height_agl_m"": 2.0}",True,"{""atmosphere"": false, ""fspl"": false, ""local"": false, ""misc"": false}",0.0,0.0,0.0,0.0,0.0,-121.48239703458438,sample,0.0,False,False,True
flat_synthetic,power,30.0,nearest_raw_diagnostic,"{""antenna"": ""isotropic"", ""azimuth_deg"": 0.0, ""eirp_dbm"": 50.0, ""elevation_deg"": 5.0, ""frequency_hz"": 14500000000.0, ""height_agl_m"": 2.0}",True,"{""atmosphere"": false, ""fspl"": false, ""local"": false, ""misc"": false}",0.0,0.0,0.0,0.0,0.0,-121.48239703458438,sample,0.0,False,False,True
flat_synthetic,power,30.0,bilinear_raw_diagnostic,"{""antenna"": ""isotropic"", ""azimuth_deg"": 0.0, ""eirp_dbm"": 50.0, ""elevation_deg"": 5.0, ""frequency_hz"": 14500000000.0, ""height_agl_m"": 2.0}",True,"{""atmosphere"": false, ""fspl"": false, ""local"": false, ""misc"": false}",0.0,0.0,0.0,0.0,0.0,-121.48239703458438,sample,0.0,False,False,True
flat_synthetic,power,15.0,strict_fallback,"{""antenna"": ""isotropic"", ""azimuth_deg"": 0.0, ""eirp_dbm"": 50.0, ""elevation_deg"": 5.0, ""frequency_hz"": 14500000000.0, ""height_agl_m"": 2.0}",True,"{""atmosphere"": false, ""fspl"": false, ""local"": false, ""misc"": false}",0.0,0.0,0.0,0.0,0.0,-121.48239703458438,sample,0.0,False,False,True
flat_synthetic,power,15.0,nearest_raw_diagnostic,"{""antenna"": ""isotropic"", ""azimuth_deg"": 0.0, ""eirp_dbm"": 50.0, ""elevation_deg"": 5.0, ""frequency_hz"": 14500000000.0, ""height_agl_m"": 2.0}",True,"{""atmosphere"": false, ""fspl"": false, ""local"": false, ""misc"": false}",0.0,0.0,0.0,0.0,0.0,-121.48239703458438,sample,0.0,False,False,True
flat_synthetic,power,15.0,bilinear_raw_diagnostic,"{""antenna"": ""isotropic"", ""azimuth_deg"": 0.0, ""eirp_dbm"": 50.0, ""elevation_deg"": 5.0, ""frequency_hz"": 14500000000.0, ""height_agl_m"": 2.0}",True,"{""atmosphere"": false, ""fspl"": false, ""local"": false, ""misc"": false}",0.0,0.0,0.0,0.0,0.0,-121.48239703458438,sample,0.0,False,False,True
flat_synthetic,antenna,30.0,strict_fallback,"{""antenna"": ""cosine"", ""azimuth_deg"": 0.0, ""eirp_dbm"": 40.0, ""elevation_deg"": 5.0, ""frequency_hz"": 14500000000.0, ""height_agl_m"": 2.0}",True,"{""atmosphere"": false, ""fspl"": false, ""local"": false, ""misc"": false}",0.0,0.0,0.0,0.0,9.685079331070387,-121.797317703514,sample,0.0,False,False,True
flat_synthetic,antenna,30.0,nearest_raw_diagnostic,"{""antenna"": ""cosine"", ""azimuth_deg"": 0.0, ""eirp_dbm"": 40.0, ""elevation_deg"": 5.0, ""frequency_hz"": 14500000000.0, ""height_agl_m"": 2.0}",True,"{""atmosphere"": false, ""fspl"": false, ""local"": false, ""misc"": false}",0.0,0.0,0.0,0.0,9.685079331070387,-121.797317703514,sample,0.0,False,False,True
flat_synthetic,antenna,30.0,bilinear_raw_diagnostic,"{""antenna"": ""cosine"", ""azimuth_deg"": 0.0, ""eirp_dbm"": 40.0, ""elevation_deg"": 5.0, ""frequency_hz"": 14500000000.0, ""height_agl_m"": 2.0}",True,"{""atmosphere"": false, ""fspl"": false, ""local"": false, ""misc"": false}",0.0,0.0,0.0,0.0,9.685079331070387,-121.797317703514,sample,0.0,False,False,True
flat_synthetic,antenna,15.0,strict_fallback,"{""antenna"": ""cosine"", ""azimuth_deg"": 0.0, ""eirp_dbm"": 40.0, ""elevation_deg"": 5.0, ""frequency_hz"": 14500000000.0, ""height_agl_m"": 2.0}",True,"{""atmosphere"": false, ""fspl"": false, ""local"": false, ""misc"": false}",0.0,0.0,0.0,0.0,9.685079331070387,-121.797317703514,sample,0.0,False,False,True
flat_synthetic,antenna,15.0,nearest_raw_diagnostic,"{""antenna"": ""cosine"", ""azimuth_deg"": 0.0, ""eirp_dbm"": 40.0, ""elevation_deg"": 5.0, ""frequency_hz"": 14500000000.0, ""height_agl_m"": 2.0}",True,"{""atmosphere"": false, ""fspl"": false, ""local"": false, ""misc"": false}",0.0,0.0,0.0,0.0,9.685079331070387,-121.797317703514,sample,0.0,False,False,True
flat_synthetic,antenna,15.0,bilinear_raw_diagnostic,"{""antenna"": ""cosine"", ""azimuth_deg"": 0.0, ""eirp_dbm"": 40.0, ""elevation_deg"": 5.0, ""frequency_hz"": 14500000000.0, ""height_agl_m"": 2.0}",True,"{""atmosphere"": false, ""fspl"": false, ""local"": false, ""misc"": false}",0.0,0.0,0.0,0.0,9.685079331070387,-121.797317703514,sample,0.0,False,False,True
flat_synthetic,frequency,30.0,strict_fallback,"{""antenna"": ""isotropic"", ""azimuth_deg"": 0.0, ""eirp_dbm"": 40.0, ""elevation_deg"": 5.0, ""frequency_hz"": 1000000000.0, ""height_agl_m"": 2.0}",False,"{""atmosphere"": false, ""fspl"": true, ""local"": false, ""misc"": false}",0.0,0.0,0.0,0.0,0.0,-108.2550369898849,sample,0.0,False,False,True
flat_synthetic,frequency,30.0,nearest_raw_diagnostic,"{""antenna"": ""isotropic"", ""azimuth_deg"": 0.0, ""eirp_dbm"": 40.0, ""elevation_deg"": 5.0, ""frequency_hz"": 1000000000.0, ""height_agl_m"": 2.0}",False,"{""atmosphere"": false, ""fspl"": true, ""local"": false, ""misc"": false}",0.0,0.0,0.0,0.0,0.0,-108.2550369898849,sample,0.0,False,False,True
flat_synthetic,frequency,30.0,bilinear_raw_diagnostic,"{""antenna"": ""isotropic"", ""azimuth_deg"": 0.0, ""eirp_dbm"": 40.0, ""elevation_deg"": 5.0, ""frequency_hz"": 1000000000.0, ""height_agl_m"": 2.0}",False,"{""atmosphere"": false, ""fspl"": true, ""local"": false, ""misc"": false}",0.0,0.0,0.0,0.0,0.0,-108.2550369898849,sample,0.0,False,False,True
flat_synthetic,frequency,15.0,strict_fallback,"{""antenna"": ""isotropic"", ""azimuth_deg"": 0.0, ""eirp_dbm"": 40.0, ""elevation_deg"": 5.0, ""frequency_hz"": 1000000000.0, ""height_agl_m"": 2.0}",False,"{""atmosphere"": false, ""fspl"": true, ""local"": false, ""misc"": false}",0.0,0.0,0.0,0.0,0.0,-108.2550369898849,sample,0.0,False,False,True
flat_synthetic,frequency,15.0,nearest_raw_diagnostic,"{""antenna"": ""isotropic"", ""azimuth_deg"": 0.0, ""eirp_dbm"": 40.0, ""elevation_deg"": 5.0, ""frequency_hz"": 1000000000.0, ""height_agl_m"": 2.0}",False,"{""atmosphere"": false, ""fspl"": true, ""local"": false, ""misc"": false}",0.0,0.0,0.0,0.0,0.0,-108.2550369898849,sample,0.0,False,False,True
flat_synthetic,frequency,15.0,bilinear_raw_diagnostic,"{""antenna"": ""isotropic"", ""azimuth_deg"": 0.0, ""eirp_dbm"": 40.0, ""elevation_deg"": 5.0, ""frequency_hz"": 1000000000.0, ""height_agl_m"": 2.0}",False,"{""atmosphere"": false, ""fspl"": true, ""local"": false, ""misc"": false}",0.0,0.0,0.0,0.0,0.0,-108.2550369898849,sample,0.0,False,False,True
flat_synthetic,direction,30.0,strict_fallback,"{""antenna"": ""isotropic"", ""azimuth_deg"": 15.0, ""eirp_dbm"": 40.0, ""elevation_deg"": 7.5, ""frequency_hz"": 14500000000.0, ""height_agl_m"": 2.0}",True,"{""atmosphere"": false, ""fspl"": false, ""local"": false, ""misc"": false}",0.0,0.0,0.0,0.0,0.0,-131.48239703458438,direct_fallback,0.0,False,False,True
flat_synthetic,direction,30.0,nearest_raw_diagnostic,"{""antenna"": ""isotropic"", ""azimuth_deg"": 15.0, ""eirp_dbm"": 40.0, ""elevation_deg"": 7.5, ""frequency_hz"": 14500000000.0, ""height_agl_m"": 2.0}",True,"{""atmosphere"": false, ""fspl"": false, ""local"": false, ""misc"": false}",0.0,0.0,0.0,0.0,0.0,-131.48239703458438,nearest,0.0,False,False,True
flat_synthetic,direction,30.0,bilinear_raw_diagnostic,"{""antenna"": ""isotropic"", ""azimuth_deg"": 15.0, ""eirp_dbm"": 40.0, ""elevation_deg"": 7.5, ""frequency_hz"": 14500000000.0, ""height_agl_m"": 2.0}",True,"{""atmosphere"": false, ""fspl"": false, ""local"": false, ""misc"": false}",0.0,0.0,0.0,0.0,0.0,-131.48239703458438,bilinear,0.0,False,False,True
flat_synthetic,direction,15.0,strict_fallback,"{""antenna"": ""isotropic"", ""azimuth_deg"": 15.0, ""eirp_dbm"": 40.0, ""elevation_deg"": 7.5, ""frequency_hz"": 14500000000.0, ""height_agl_m"": 2.0}",True,"{""atmosphere"": false, ""fspl"": false, ""local"": false, ""misc"": false}",0.0,0.0,0.0,0.0,0.0,-131.48239703458438,direct_fallback,0.0,False,False,True
flat_synthetic,direction,15.0,nearest_raw_diagnostic,"{""antenna"": ""isotropic"", ""azimuth_deg"": 15.0, ""eirp_dbm"": 40.0, ""elevation_deg"": 7.5, ""frequency_hz"": 14500000000.0, ""height_agl_m"": 2.0}",True,"{""atmosphere"": false, ""fspl"": false, ""local"": false, ""misc"": false}",0.0,0.0,0.0,0.0,0.0,-131.48239703458438,nearest,0.0,False,False,True
flat_synthetic,direction,15.0,bilinear_raw_diagnostic,"{""antenna"": ""isotropic"", ""azimuth_deg"": 15.0, ""eirp_dbm"": 40.0, ""elevation_deg"": 7.5, ""frequency_hz"": 14500000000.0, ""height_agl_m"": 2.0}",True,"{""atmosphere"": false, ""fspl"": false, ""local"": false, ""misc"": false}",0.0,0.0,0.0,0.0,0.0,-131.48239703458438,bilinear,0.0,False,False,True
flat_synthetic,height,30.0,strict_fallback,"{""antenna"": ""isotropic"", ""azimuth_deg"": 0.0, ""eirp_dbm"": 40.0, ""elevation_deg"": 5.0, ""frequency_hz"": 14500000000.0, ""height_agl_m"": 10.0}",False,"{""atmosphere"": false, ""fspl"": false, ""local"": false, ""misc"": false}",0.0,0.0,0.0,0.0,0.0,-131.48239703458438,sample,0.0,False,False,True
flat_synthetic,height,30.0,nearest_raw_diagnostic,"{""antenna"": ""isotropic"", ""azimuth_deg"": 0.0, ""eirp_dbm"": 40.0, ""elevation_deg"": 5.0, ""frequency_hz"": 14500000000.0, ""height_agl_m"": 10.0}",False,"{""atmosphere"": false, ""fspl"": false, ""local"": false, ""misc"": false}",0.0,0.0,0.0,0.0,0.0,-131.48239703458438,sample,0.0,False,False,True
flat_synthetic,height,30.0,bilinear_raw_diagnostic,"{""antenna"": ""isotropic"", ""azimuth_deg"": 0.0, ""eirp_dbm"": 40.0, ""elevation_deg"": 5.0, ""frequency_hz"": 14500000000.0, ""height_agl_m"": 10.0}",False,"{""atmosphere"": false, ""fspl"": false, ""local"": false, ""misc"": false}",0.0,0.0,0.0,0.0,0.0,-131.48239703458438,sample,0.0,False,False,True
flat_synthetic,height,15.0,strict_fallback,"{""antenna"": ""isotropic"", ""azimuth_deg"": 0.0, ""eirp_dbm"": 40.0, ""elevation_deg"": 5.0, ""frequency_hz"": 14500000000.0, ""height_agl_m"": 10.0}",False,"{""atmosphere"": false, ""fspl"": false, ""local"": false, ""misc"": false}",0.0,0.0,0.0,0.0,0.0,-131.48239703458438,sample,0.0,False,False,True
flat_synthetic,height,15.0,nearest_raw_diagnostic,"{""antenna"": ""isotropic"", ""azimuth_deg"": 0.0, ""eirp_dbm"": 40.0, ""elevation_deg"": 5.0, ""frequency_hz"": 14500000000.0, ""height_agl_m"": 10.0}",False,"{""atmosphere"": false, ""fspl"": false, ""local"": false, ""misc"": false}",0.0,0.0,0.0,0.0,0.0,-131.48239703458438,sample,0.0,False,False,True
flat_synthetic,height,15.0,bilinear_raw_diagnostic,"{""antenna"": ""isotropic"", ""azimuth_deg"": 0.0, ""eirp_dbm"": 40.0, ""elevation_deg"": 5.0, ""frequency_hz"": 14500000000.0, ""height_agl_m"": 10.0}",False,"{""atmosphere"": false, ""fspl"": false, ""local"": false, ""misc"": false}",0.0,0.0,0.0,0.0,0.0,-131.48239703458438,sample,0.0,False,False,True
flat_synthetic,joint_direction_antenna,30.0,strict_fallback,"{""antenna"": ""cosine"", ""azimuth_deg"": 15.0, ""eirp_dbm"": 40.0, ""elevation_deg"": 7.5, ""frequency_hz"": 14500000000.0, ""height_agl_m"": 2.0}",True,"{""atmosphere"": false, ""fspl"": false, ""local"": false, ""misc"": false}",0.0,0.0,0.0,0.0,9.723781797869197,-121.75861523671519,direct_fallback,0.0,False,False,True
flat_synthetic,joint_direction_antenna,30.0,nearest_raw_diagnostic,"{""antenna"": ""cosine"", ""azimuth_deg"": 15.0, ""eirp_dbm"": 40.0, ""elevation_deg"": 7.5, ""frequency_hz"": 14500000000.0, ""height_agl_m"": 2.0}",True,"{""atmosphere"": false, ""fspl"": false, ""local"": false, ""misc"": false}",0.0,0.0,0.0,0.0,9.723781797869197,-121.75861523671519,nearest,0.0,False,False,True
flat_synthetic,joint_direction_antenna,30.0,bilinear_raw_diagnostic,"{""antenna"": ""cosine"", ""azimuth_deg"": 15.0, ""eirp_dbm"": 40.0, ""elevation_deg"": 7.5, ""frequency_hz"": 14500000000.0, ""height_agl_m"": 2.0}",True,"{""atmosphere"": false, ""fspl"": false, ""local"": false, ""misc"": false}",0.0,0.0,0.0,0.0,9.723781797869197,-121.75861523671519,bilinear,0.0,False,False,True
flat_synthetic,joint_direction_antenna,15.0,strict_fallback,"{""antenna"": ""cosine"", ""azimuth_deg"": 15.0, ""eirp_dbm"": 40.0, ""elevation_deg"": 7.5, ""frequency_hz"": 14500000000.0, ""height_agl_m"": 2.0}",True,"{""atmosphere"": false, ""fspl"": false, ""local"": false, ""misc"": false}",0.0,0.0,0.0,0.0,9.723781797869197,-121.75861523671519,direct_fallback,0.0,False,False,True
flat_synthetic,joint_direction_antenna,15.0,nearest_raw_diagnostic,"{""antenna"": ""cosine"", ""azimuth_deg"": 15.0, ""eirp_dbm"": 40.0, ""elevation_deg"": 7.5, ""frequency_hz"": 14500000000.0, ""height_agl_m"": 2.0}",True,"{""atmosphere"": false, ""fspl"": false, ""local"": false, ""misc"": false}",0.0,0.0,0.0,0.0,9.723781797869197,-121.75861523671519,nearest,0.0,False,False,True
flat_synthetic,joint_direction_antenna,15.0,bilinear_raw_diagnostic,"{""antenna"": ""cosine"", ""azimuth_deg"": 15.0, ""eirp_dbm"": 40.0, ""elevation_deg"": 7.5, ""frequency_hz"": 14500000000.0, ""height_agl_m"": 2.0}",True,"{""atmosphere"": false, ""fspl"": false, ""local"": false, ""misc"": false}",0.0,0.0,0.0,0.0,9.723781797869197,-121.75861523671519,bilinear,0.0,False,False,True
flat_synthetic,joint_frequency_height,30.0,strict_fallback,"{""antenna"": ""isotropic"", ""azimuth_deg"": 0.0, ""eirp_dbm"": 40.0, ""elevation_deg"": 5.0, ""frequency_hz"": 1000000000.0, ""height_agl_m"": 10.0}",False,"{""atmosphere"": false, ""fspl"": true, ""local"": false, ""misc"": false}",0.0,0.0,0.0,0.0,0.0,-108.2550369898849,sample,0.0,False,False,True
flat_synthetic,joint_frequency_height,30.0,nearest_raw_diagnostic,"{""antenna"": ""isotropic"", ""azimuth_deg"": 0.0, ""eirp_dbm"": 40.0, ""elevation_deg"": 5.0, ""frequency_hz"": 1000000000.0, ""height_agl_m"": 10.0}",False,"{""atmosphere"": false, ""fspl"": true, ""local"": false, ""misc"": false}",0.0,0.0,0.0,0.0,0.0,-108.2550369898849,sample,0.0,False,False,True
flat_synthetic,joint_frequency_height,30.0,bilinear_raw_diagnostic,"{""antenna"": ""isotropic"", ""azimuth_deg"": 0.0, ""eirp_dbm"": 40.0, ""elevation_deg"": 5.0, ""frequency_hz"": 1000000000.0, ""height_agl_m"": 10.0}",False,"{""atmosphere"": false, ""fspl"": true, ""local"": false, ""misc"": false}",0.0,0.0,0.0,0.0,0.0,-108.2550369898849,sample,0.0,False,False,True
flat_synthetic,joint_frequency_height,15.0,strict_fallback,"{""antenna"": ""isotropic"", ""azimuth_deg"": 0.0, ""eirp_dbm"": 40.0, ""elevation_deg"": 5.0, ""frequency_hz"": 1000000000.0, ""height_agl_m"": 10.0}",False,"{""atmosphere"": false, ""fspl"": true, ""local"": false, ""misc"": false}",0.0,0.0,0.0,0.0,0.0,-108.2550369898849,sample,0.0,False,False,True
flat_synthetic,joint_frequency_height,15.0,nearest_raw_diagnostic,"{""antenna"": ""isotropic"", ""azimuth_deg"": 0.0, ""eirp_dbm"": 40.0, ""elevation_deg"": 5.0, ""frequency_hz"": 1000000000.0, ""height_agl_m"": 10.0}",False,"{""atmosphere"": false, ""fspl"": true, ""local"": false, ""misc"": false}",0.0,0.0,0.0,0.0,0.0,-108.2550369898849,sample,0.0,False,False,True
flat_synthetic,joint_frequency_height,15.0,bilinear_raw_diagnostic,"{""antenna"": ""isotropic"", ""azimuth_deg"": 0.0, ""eirp_dbm"": 40.0, ""elevation_deg"": 5.0, ""frequency_hz"": 1000000000.0, ""height_agl_m"": 10.0}",False,"{""atmosphere"": false, ""fspl"": true, ""local"": false, ""misc"": false}",0.0,0.0,0.0,0.0,0.0,-108.2550369898849,sample,0.0,False,False,True
qinling_mountain,baseline,30.0,strict_fallback,"{""antenna"": ""isotropic"", ""azimuth_deg"": 0.0, ""eirp_dbm"": 40.0, ""elevation_deg"": 5.0, ""frequency_hz"": 14500000000.0, ""height_agl_m"": 2.0}",True,"{""atmosphere"": false, ""fspl"": false, ""local"": false, ""misc"": false}",43.35848367154061,43.35848367154061,43.35848367154061,43.35848367154061,0.0,-174.840880706125,sample,0.0,False,False,True
qinling_mountain,baseline,30.0,nearest_raw_diagnostic,"{""antenna"": ""isotropic"", ""azimuth_deg"": 0.0, ""eirp_dbm"": 40.0, ""elevation_deg"": 5.0, ""frequency_hz"": 14500000000.0, ""height_agl_m"": 2.0}",True,"{""atmosphere"": false, ""fspl"": false, ""local"": false, ""misc"": false}",43.35848367154061,43.35848367154061,43.35848367154061,43.35848367154061,0.0,-174.840880706125,sample,0.0,False,False,True
qinling_mountain,baseline,30.0,bilinear_raw_diagnostic,"{""antenna"": ""isotropic"", ""azimuth_deg"": 0.0, ""eirp_dbm"": 40.0, ""elevation_deg"": 5.0, ""frequency_hz"": 14500000000.0, ""height_agl_m"": 2.0}",True,"{""atmosphere"": false, ""fspl"": false, ""local"": false, ""misc"": false}",43.35848367154061,43.35848367154061,43.35848367154061,43.35848367154061,0.0,-174.840880706125,sample,0.0,False,False,True
qinling_mountain,baseline,15.0,strict_fallback,"{""antenna"": ""isotropic"", ""azimuth_deg"": 0.0, ""eirp_dbm"": 40.0, ""elevation_deg"": 5.0, ""frequency_hz"": 14500000000.0, ""height_agl_m"": 2.0}",True,"{""atmosphere"": false, ""fspl"": false, ""local"": false, ""misc"": false}",43.35848367154061,43.35848367154061,43.35848367154061,43.35848367154061,0.0,-174.840880706125,sample,0.0,False,False,True
qinling_mountain,baseline,15.0,nearest_raw_diagnostic,"{""antenna"": ""isotropic"", ""azimuth_deg"": 0.0, ""eirp_dbm"": 40.0, ""elevation_deg"": 5.0, ""frequency_hz"": 14500000000.0, ""height_agl_m"": 2.0}",True,"{""atmosphere"": false, ""fspl"": false, ""local"": false, ""misc"": false}",43.35848367154061,43.35848367154061,43.35848367154061,43.35848367154061,0.0,-174.840880706125,sample,0.0,False,False,True
qinling_mountain,baseline,15.0,bilinear_raw_diagnostic,"{""antenna"": ""isotropic"", ""azimuth_deg"": 0.0, ""eirp_dbm"": 40.0, ""elevation_deg"": 5.0, ""frequency_hz"": 14500000000.0, ""height_agl_m"": 2.0}",True,"{""atmosphere"": false, ""fspl"": false, ""local"": false, ""misc"": false}",43.35848367154061,43.35848367154061,43.35848367154061,43.35848367154061,0.0,-174.840880706125,sample,0.0,False,False,True
qinling_mountain,power,30.0,strict_fallback,"{""antenna"": ""isotropic"", ""azimuth_deg"": 0.0, ""eirp_dbm"": 50.0, ""elevation_deg"": 5.0, ""frequency_hz"": 14500000000.0, ""height_agl_m"": 2.0}",True,"{""atmosphere"": false, ""fspl"": false, ""local"": false, ""misc"": false}",43.35848367154061,43.35848367154061,43.35848367154061,43.35848367154061,0.0,-164.840880706125,sample,0.0,False,False,True
qinling_mountain,power,30.0,nearest_raw_diagnostic,"{""antenna"": ""isotropic"", ""azimuth_deg"": 0.0, ""eirp_dbm"": 50.0, ""elevation_deg"": 5.0, ""frequency_hz"": 14500000000.0, ""height_agl_m"": 2.0}",True,"{""atmosphere"": false, ""fspl"": false, ""local"": false, ""misc"": false}",43.35848367154061,43.35848367154061,43.35848367154061,43.35848367154061,0.0,-164.840880706125,sample,0.0,False,False,True
qinling_mountain,power,30.0,bilinear_raw_diagnostic,"{""antenna"": ""isotropic"", ""azimuth_deg"": 0.0, ""eirp_dbm"": 50.0, ""elevation_deg"": 5.0, ""frequency_hz"": 14500000000.0, ""height_agl_m"": 2.0}",True,"{""atmosphere"": false, ""fspl"": false, ""local"": false, ""misc"": false}",43.35848367154061,43.35848367154061,43.35848367154061,43.35848367154061,0.0,-164.840880706125,sample,0.0,False,False,True
qinling_mountain,power,15.0,strict_fallback,"{""antenna"": ""isotropic"", ""azimuth_deg"": 0.0, ""eirp_dbm"": 50.0, ""elevation_deg"": 5.0, ""frequency_hz"": 14500000000.0, ""height_agl_m"": 2.0}",True,"{""atmosphere"": false, ""fspl"": false, ""local"": false, ""misc"": false}",43.35848367154061,43.35848367154061,43.35848367154061,43.35848367154061,0.0,-164.840880706125,sample,0.0,False,False,True
qinling_mountain,power,15.0,nearest_raw_diagnostic,"{""antenna"": ""isotropic"", ""azimuth_deg"": 0.0, ""eirp_dbm"": 50.0, ""elevation_deg"": 5.0, ""frequency_hz"": 14500000000.0, ""height_agl_m"": 2.0}",True,"{""atmosphere"": false, ""fspl"": false, ""local"": false, ""misc"": false}",43.35848367154061,43.35848367154061,43.35848367154061,43.35848367154061,0.0,-164.840880706125,sample,0.0,False,False,True
qinling_mountain,power,15.0,bilinear_raw_diagnostic,"{""antenna"": ""isotropic"", ""azimuth_deg"": 0.0, ""eirp_dbm"": 50.0, ""elevation_deg"": 5.0, ""frequency_hz"": 14500000000.0, ""height_agl_m"": 2.0}",True,"{""atmosphere"": false, ""fspl"": false, ""local"": false, ""misc"": false}",43.35848367154061,43.35848367154061,43.35848367154061,43.35848367154061,0.0,-164.840880706125,sample,0.0,False,False,True
qinling_mountain,antenna,30.0,strict_fallback,"{""antenna"": ""cosine"", ""azimuth_deg"": 0.0, ""eirp_dbm"": 40.0, ""elevation_deg"": 5.0, ""frequency_hz"": 14500000000.0, ""height_agl_m"": 2.0}",True,"{""atmosphere"": false, ""fspl"": false, ""local"": false, ""misc"": false}",43.35848367154061,43.35848367154061,43.35848367154061,43.35848367154061,9.685079331070387,-165.15580137505464,sample,0.0,False,False,True
qinling_mountain,antenna,30.0,nearest_raw_diagnostic,"{""antenna"": ""cosine"", ""azimuth_deg"": 0.0, ""eirp_dbm"": 40.0, ""elevation_deg"": 5.0, ""frequency_hz"": 14500000000.0, ""height_agl_m"": 2.0}",True,"{""atmosphere"": false, ""fspl"": false, ""local"": false, ""misc"": false}",43.35848367154061,43.35848367154061,43.35848367154061,43.35848367154061,9.685079331070387,-165.15580137505464,sample,0.0,False,False,True
qinling_mountain,antenna,30.0,bilinear_raw_diagnostic,"{""antenna"": ""cosine"", ""azimuth_deg"": 0.0, ""eirp_dbm"": 40.0, ""elevation_deg"": 5.0, ""frequency_hz"": 14500000000.0, ""height_agl_m"": 2.0}",True,"{""atmosphere"": false, ""fspl"": false, ""local"": false, ""misc"": false}",43.35848367154061,43.35848367154061,43.35848367154061,43.35848367154061,9.685079331070387,-165.15580137505464,sample,0.0,False,False,True
qinling_mountain,antenna,15.0,strict_fallback,"{""antenna"": ""cosine"", ""azimuth_deg"": 0.0, ""eirp_dbm"": 40.0, ""elevation_deg"": 5.0, ""frequency_hz"": 14500000000.0, ""height_agl_m"": 2.0}",True,"{""atmosphere"": false, ""fspl"": false, ""local"": false, ""misc"": false}",43.35848367154061,43.35848367154061,43.35848367154061,43.35848367154061,9.685079331070387,-165.15580137505464,sample,0.0,False,False,True
qinling_mountain,antenna,15.0,nearest_raw_diagnostic,"{""antenna"": ""cosine"", ""azimuth_deg"": 0.0, ""eirp_dbm"": 40.0, ""elevation_deg"": 5.0, ""frequency_hz"": 14500000000.0, ""height_agl_m"": 2.0}",True,"{""atmosphere"": false, ""fspl"": false, ""local"": false, ""misc"": false}",43.35848367154061,43.35848367154061,43.35848367154061,43.35848367154061,9.685079331070387,-165.15580137505464,sample,0.0,False,False,True
qinling_mountain,antenna,15.0,bilinear_raw_diagnostic,"{""antenna"": ""cosine"", ""azimuth_deg"": 0.0, ""eirp_dbm"": 40.0, ""elevation_deg"": 5.0, ""frequency_hz"": 14500000000.0, ""height_agl_m"": 2.0}",True,"{""atmosphere"": false, ""fspl"": false, ""local"": false, ""misc"": false}",43.35848367154061,43.35848367154061,43.35848367154061,43.35848367154061,9.685079331070387,-165.15580137505464,sample,0.0,False,False,True
qinling_mountain,frequency,30.0,strict_fallback,"{""antenna"": ""isotropic"", ""azimuth_deg"": 0.0, ""eirp_dbm"": 40.0, ""elevation_deg"": 5.0, ""frequency_hz"": 1000000000.0, ""height_agl_m"": 2.0}",False,"{""atmosphere"": false, ""fspl"": true, ""local"": true, ""misc"": false}",31.698001831271867,31.698001831271867,31.698001831271867,31.698001831271867,0.0,-139.95303882115678,sample,0.0,False,False,True
qinling_mountain,frequency,30.0,nearest_raw_diagnostic,"{""antenna"": ""isotropic"", ""azimuth_deg"": 0.0, ""eirp_dbm"": 40.0, ""elevation_deg"": 5.0, ""frequency_hz"": 1000000000.0, ""height_agl_m"": 2.0}",False,"{""atmosphere"": false, ""fspl"": true, ""local"": true, ""misc"": false}",31.698001831271867,31.698001831271867,31.698001831271867,31.698001831271867,0.0,-139.95303882115678,sample,0.0,False,False,True
qinling_mountain,frequency,30.0,bilinear_raw_diagnostic,"{""antenna"": ""isotropic"", ""azimuth_deg"": 0.0, ""eirp_dbm"": 40.0, ""elevation_deg"": 5.0, ""frequency_hz"": 1000000000.0, ""height_agl_m"": 2.0}",False,"{""atmosphere"": false, ""fspl"": true, ""local"": true, ""misc"": false}",31.698001831271867,31.698001831271867,31.698001831271867,31.698001831271867,0.0,-139.95303882115678,sample,0.0,False,False,True
qinling_mountain,frequency,15.0,strict_fallback,"{""antenna"": ""isotropic"", ""azimuth_deg"": 0.0, ""eirp_dbm"": 40.0, ""elevation_deg"": 5.0, ""frequency_hz"": 1000000000.0, ""height_agl_m"": 2.0}",False,"{""atmosphere"": false, ""fspl"": true, ""local"": true, ""misc"": false}",31.698001831271867,31.698001831271867,31.698001831271867,31.698001831271867,0.0,-139.95303882115678,sample,0.0,False,False,True
qinling_mountain,frequency,15.0,nearest_raw_diagnostic,"{""antenna"": ""isotropic"", ""azimuth_deg"": 0.0, ""eirp_dbm"": 40.0, ""elevation_deg"": 5.0, ""frequency_hz"": 1000000000.0, ""height_agl_m"": 2.0}",False,"{""atmosphere"": false, ""fspl"": true, ""local"": true, ""misc"": false}",31.698001831271867,31.698001831271867,31.698001831271867,31.698001831271867,0.0,-139.95303882115678,sample,0.0,False,False,True
qinling_mountain,frequency,15.0,bilinear_raw_diagnostic,"{""antenna"": ""isotropic"", ""azimuth_deg"": 0.0, ""eirp_dbm"": 40.0, ""elevation_deg"": 5.0, ""frequency_hz"": 1000000000.0, ""height_agl_m"": 2.0}",False,"{""atmosphere"": false, ""fspl"": true, ""local"": true, ""misc"": false}",31.698001831271867,31.698001831271867,31.698001831271867,31.698001831271867,0.0,-139.95303882115678,sample,0.0,False,False,True
qinling_mountain,direction,30.0,strict_fallback,"{""antenna"": ""isotropic"", ""azimuth_deg"": 15.0, ""eirp_dbm"": 40.0, ""elevation_deg"": 7.5, ""frequency_hz"": 14500000000.0, ""height_agl_m"": 2.0}",True,"{""atmosphere"": false, ""fspl"": false, ""local"": true, ""misc"": false}",38.28850853168484,38.28850853168484,38.28850853168484,38.28850853168484,0.0,-169.77090556626922,direct_fallback,0.0,False,False,True
qinling_mountain,direction,30.0,nearest_raw_diagnostic,"{""antenna"": ""isotropic"", ""azimuth_deg"": 15.0, ""eirp_dbm"": 40.0, ""elevation_deg"": 7.5, ""frequency_hz"": 14500000000.0, ""height_agl_m"": 2.0}",True,"{""atmosphere"": false, ""fspl"": false, ""local"": true, ""misc"": false}",38.28850853168484,38.28850853168484,38.28850853168484,38.28850853168484,0.0,-169.77090556626922,direct_fallback,0.0,False,False,True
qinling_mountain,direction,30.0,bilinear_raw_diagnostic,"{""antenna"": ""isotropic"", ""azimuth_deg"": 15.0, ""eirp_dbm"": 40.0, ""elevation_deg"": 7.5, ""frequency_hz"": 14500000000.0, ""height_agl_m"": 2.0}",True,"{""atmosphere"": false, ""fspl"": false, ""local"": true, ""misc"": false}",38.28850853168484,38.28850853168484,38.28850853168484,38.28850853168484,0.0,-169.77090556626922,direct_fallback,0.0,False,False,True
qinling_mountain,direction,15.0,strict_fallback,"{""antenna"": ""isotropic"", ""azimuth_deg"": 15.0, ""eirp_dbm"": 40.0, ""elevation_deg"": 7.5, ""frequency_hz"": 14500000000.0, ""height_agl_m"": 2.0}",True,"{""atmosphere"": false, ""fspl"": false, ""local"": true, ""misc"": false}",38.28850853168484,38.28850853168484,38.28850853168484,38.28850853168484,0.0,-169.77090556626922,direct_fallback,0.0,False,False,True
qinling_mountain,direction,15.0,nearest_raw_diagnostic,"{""antenna"": ""isotropic"", ""azimuth_deg"": 15.0, ""eirp_dbm"": 40.0, ""elevation_deg"": 7.5, ""frequency_hz"": 14500000000.0, ""height_agl_m"": 2.0}",True,"{""atmosphere"": false, ""fspl"": false, ""local"": true, ""misc"": false}",38.28850853168484,41.64812824358862,38.28850853168484,41.64812824358862,0.0,-169.77090556626922,nearest,-3.3596197119037754,False,False,True
qinling_mountain,direction,15.0,bilinear_raw_diagnostic,"{""antenna"": ""isotropic"", ""azimuth_deg"": 15.0, ""eirp_dbm"": 40.0, ""elevation_deg"": 7.5, ""frequency_hz"": 14500000000.0, ""height_agl_m"": 2.0}",True,"{""atmosphere"": false, ""fspl"": false, ""local"": true, ""misc"": false}",38.28850853168484,37.20397102338737,38.28850853168484,37.20397102338737,0.0,-169.77090556626922,bilinear,1.0845375082974726,False,False,True
qinling_mountain,height,30.0,strict_fallback,"{""antenna"": ""isotropic"", ""azimuth_deg"": 0.0, ""eirp_dbm"": 40.0, ""elevation_deg"": 5.0, ""frequency_hz"": 14500000000.0, ""height_agl_m"": 10.0}",False,"{""atmosphere"": false, ""fspl"": false, ""local"": true, ""misc"": false}",42.2731471159001,42.2731471159001,42.2731471159001,42.2731471159001,0.0,-173.75554415048447,sample,0.0,False,False,True
qinling_mountain,height,30.0,nearest_raw_diagnostic,"{""antenna"": ""isotropic"", ""azimuth_deg"": 0.0, ""eirp_dbm"": 40.0, ""elevation_deg"": 5.0, ""frequency_hz"": 14500000000.0, ""height_agl_m"": 10.0}",False,"{""atmosphere"": false, ""fspl"": false, ""local"": true, ""misc"": false}",42.2731471159001,42.2731471159001,42.2731471159001,42.2731471159001,0.0,-173.75554415048447,sample,0.0,False,False,True
qinling_mountain,height,30.0,bilinear_raw_diagnostic,"{""antenna"": ""isotropic"", ""azimuth_deg"": 0.0, ""eirp_dbm"": 40.0, ""elevation_deg"": 5.0, ""frequency_hz"": 14500000000.0, ""height_agl_m"": 10.0}",False,"{""atmosphere"": false, ""fspl"": false, ""local"": true, ""misc"": false}",42.2731471159001,42.2731471159001,42.2731471159001,42.2731471159001,0.0,-173.75554415048447,sample,0.0,False,False,True
qinling_mountain,height,15.0,strict_fallback,"{""antenna"": ""isotropic"", ""azimuth_deg"": 0.0, ""eirp_dbm"": 40.0, ""elevation_deg"": 5.0, ""frequency_hz"": 14500000000.0, ""height_agl_m"": 10.0}",False,"{""atmosphere"": false, ""fspl"": false, ""local"": true, ""misc"": false}",42.2731471159001,42.2731471159001,42.2731471159001,42.2731471159001,0.0,-173.75554415048447,sample,0.0,False,False,True
qinling_mountain,height,15.0,nearest_raw_diagnostic,"{""antenna"": ""isotropic"", ""azimuth_deg"": 0.0, ""eirp_dbm"": 40.0, ""elevation_deg"": 5.0, ""frequency_hz"": 14500000000.0, ""height_agl_m"": 10.0}",False,"{""atmosphere"": false, ""fspl"": false, ""local"": true, ""misc"": false}",42.2731471159001,42.2731471159001,42.2731471159001,42.2731471159001,0.0,-173.75554415048447,sample,0.0,False,False,True
qinling_mountain,height,15.0,bilinear_raw_diagnostic,"{""antenna"": ""isotropic"", ""azimuth_deg"": 0.0, ""eirp_dbm"": 40.0, ""elevation_deg"": 5.0, ""frequency_hz"": 14500000000.0, ""height_agl_m"": 10.0}",False,"{""atmosphere"": false, ""fspl"": false, ""local"": true, ""misc"": false}",42.2731471159001,42.2731471159001,42.2731471159001,42.2731471159001,0.0,-173.75554415048447,sample,0.0,False,False,True
qinling_mountain,joint_direction_antenna,30.0,strict_fallback,"{""antenna"": ""cosine"", ""azimuth_deg"": 15.0, ""eirp_dbm"": 40.0, ""elevation_deg"": 7.5, ""frequency_hz"": 14500000000.0, ""height_agl_m"": 2.0}",True,"{""atmosphere"": false, ""fspl"": false, ""local"": true, ""misc"": false}",38.28850853168484,38.28850853168484,38.28850853168484,38.28850853168484,9.723781797869197,-160.0471237684,direct_fallback,0.0,False,False,True
qinling_mountain,joint_direction_antenna,30.0,nearest_raw_diagnostic,"{""antenna"": ""cosine"", ""azimuth_deg"": 15.0, ""eirp_dbm"": 40.0, ""elevation_deg"": 7.5, ""frequency_hz"": 14500000000.0, ""height_agl_m"": 2.0}",True,"{""atmosphere"": false, ""fspl"": false, ""local"": true, ""misc"": false}",38.28850853168484,38.28850853168484,38.28850853168484,38.28850853168484,9.723781797869197,-160.0471237684,direct_fallback,0.0,False,False,True
qinling_mountain,joint_direction_antenna,30.0,bilinear_raw_diagnostic,"{""antenna"": ""cosine"", ""azimuth_deg"": 15.0, ""eirp_dbm"": 40.0, ""elevation_deg"": 7.5, ""frequency_hz"": 14500000000.0, ""height_agl_m"": 2.0}",True,"{""atmosphere"": false, ""fspl"": false, ""local"": true, ""misc"": false}",38.28850853168484,38.28850853168484,38.28850853168484,38.28850853168484,9.723781797869197,-160.0471237684,direct_fallback,0.0,False,False,True
qinling_mountain,joint_direction_antenna,15.0,strict_fallback,"{""antenna"": ""cosine"", ""azimuth_deg"": 15.0, ""eirp_dbm"": 40.0, ""elevation_deg"": 7.5, ""frequency_hz"": 14500000000.0, ""height_agl_m"": 2.0}",True,"{""atmosphere"": false, ""fspl"": false, ""local"": true, ""misc"": false}",38.28850853168484,38.28850853168484,38.28850853168484,38.28850853168484,9.723781797869197,-160.0471237684,direct_fallback,0.0,False,False,True
qinling_mountain,joint_direction_antenna,15.0,nearest_raw_diagnostic,"{""antenna"": ""cosine"", ""azimuth_deg"": 15.0, ""eirp_dbm"": 40.0, ""elevation_deg"": 7.5, ""frequency_hz"": 14500000000.0, ""height_agl_m"": 2.0}",True,"{""atmosphere"": false, ""fspl"": false, ""local"": true, ""misc"": false}",38.28850853168484,41.64812824358862,38.28850853168484,41.64812824358862,9.723781797869197,-160.0471237684,nearest,-3.359619711903804,False,False,True
qinling_mountain,joint_direction_antenna,15.0,bilinear_raw_diagnostic,"{""antenna"": ""cosine"", ""azimuth_deg"": 15.0, ""eirp_dbm"": 40.0, ""elevation_deg"": 7.5, ""frequency_hz"": 14500000000.0, ""height_agl_m"": 2.0}",True,"{""atmosphere"": false, ""fspl"": false, ""local"": true, ""misc"": false}",38.28850853168484,37.20397102338737,38.28850853168484,37.20397102338737,9.723781797869197,-160.0471237684,bilinear,1.0845375082974442,False,False,True
qinling_mountain,joint_frequency_height,30.0,strict_fallback,"{""antenna"": ""isotropic"", ""azimuth_deg"": 0.0, ""eirp_dbm"": 40.0, ""elevation_deg"": 5.0, ""frequency_hz"": 1000000000.0, ""height_agl_m"": 10.0}",False,"{""atmosphere"": false, ""fspl"": true, ""local"": true, ""misc"": false}",30.61047027402968,30.61047027402968,30.61047027402968,30.61047027402968,0.0,-138.8655072639146,sample,0.0,False,False,True
qinling_mountain,joint_frequency_height,30.0,nearest_raw_diagnostic,"{""antenna"": ""isotropic"", ""azimuth_deg"": 0.0, ""eirp_dbm"": 40.0, ""elevation_deg"": 5.0, ""frequency_hz"": 1000000000.0, ""height_agl_m"": 10.0}",False,"{""atmosphere"": false, ""fspl"": true, ""local"": true, ""misc"": false}",30.61047027402968,30.61047027402968,30.61047027402968,30.61047027402968,0.0,-138.8655072639146,sample,0.0,False,False,True
qinling_mountain,joint_frequency_height,30.0,bilinear_raw_diagnostic,"{""antenna"": ""isotropic"", ""azimuth_deg"": 0.0, ""eirp_dbm"": 40.0, ""elevation_deg"": 5.0, ""frequency_hz"": 1000000000.0, ""height_agl_m"": 10.0}",False,"{""atmosphere"": false, ""fspl"": true, ""local"": true, ""misc"": false}",30.61047027402968,30.61047027402968,30.61047027402968,30.61047027402968,0.0,-138.8655072639146,sample,0.0,False,False,True
qinling_mountain,joint_frequency_height,15.0,strict_fallback,"{""antenna"": ""isotropic"", ""azimuth_deg"": 0.0, ""eirp_dbm"": 40.0, ""elevation_deg"": 5.0, ""frequency_hz"": 1000000000.0, ""height_agl_m"": 10.0}",False,"{""atmosphere"": false, ""fspl"": true, ""local"": true, ""misc"": false}",30.61047027402968,30.61047027402968,30.61047027402968,30.61047027402968,0.0,-138.8655072639146,sample,0.0,False,False,True
qinling_mountain,joint_frequency_height,15.0,nearest_raw_diagnostic,"{""antenna"": ""isotropic"", ""azimuth_deg"": 0.0, ""eirp_dbm"": 40.0, ""elevation_deg"": 5.0, ""frequency_hz"": 1000000000.0, ""height_agl_m"": 10.0}",False,"{""atmosphere"": false, ""fspl"": true, ""local"": true, ""misc"": false}",30.61047027402968,30.61047027402968,30.61047027402968,30.61047027402968,0.0,-138.8655072639146,sample,0.0,False,False,True
qinling_mountain,joint_frequency_height,15.0,bilinear_raw_diagnostic,"{""antenna"": ""isotropic"", ""azimuth_deg"": 0.0, ""eirp_dbm"": 40.0, ""elevation_deg"": 5.0, ""frequency_hz"": 1000000000.0, ""height_agl_m"": 10.0}",False,"{""atmosphere"": false, ""fspl"": true, ""local"": true, ""misc"": false}",30.61047027402968,30.61047027402968,30.61047027402968,30.61047027402968,0.0,-138.8655072639146,sample,0.0,False,False,True
