pass_id,split,threshold_dbm,cold_direct_s,cold_guarded_s,hot_ratio,qbuild,qreload,break_even_status
pass-1,development,-160,2.1921071209944785,3.179923753719777,1.3327087889638785,,,no_finite_break_even
pass-1,development,-150,2.25775776617229,3.247990081086755,1.3327087889638785,,,no_finite_break_even
pass-1,development,-140,2.22795739909634,3.2281508650630713,1.3327087889638785,,,no_finite_break_even
pass-2,development,-160,4.253124744165689,5.477324545849115,1.4234016056725263,,,no_finite_break_even
pass-2,development,-150,4.001476217061281,5.448964070994407,1.4234016056725263,,,no_finite_break_even
pass-2,development,-140,3.9530694992281497,5.517317805904895,1.4234016056725263,,,no_finite_break_even
pass-3,holdout,-160,3.6304076281376183,5.232444264926016,1.467222248884617,,,no_finite_break_even
pass-3,holdout,-150,3.5946062630973756,5.0351138999685645,1.467222248884617,,,no_finite_break_even
pass-3,holdout,-140,3.66433612909168,5.112166053149849,1.467222248884617,,,no_finite_break_even
pass-4,holdout,-160,2.5004158038645983,3.5900006778538227,1.4518540760520273,,,no_finite_break_even
pass-4,holdout,-150,2.6288317712023854,3.5980830653570592,1.4518540760520273,,,no_finite_break_even
pass-4,holdout,-140,2.5163654717616737,3.7004655147902668,1.4518540760520273,,,no_finite_break_even
