pass_id,split,threshold_dbm,method,channel,reference_verified,meets_diagnostic,predicted_count,reference_count,false_windows,missed_windows,boundary_error_s,max_duration_delta_s,max_longest_delta_s,both_available_s,both_unavailable_s,optimistic_s,pessimistic_s,unknown_pair_s,known_pair_s
pass-1,development,-160,direct_level_0,geometry,True,True,1,1,0,0,0.058593,0.117186,0.058593,0.0,477.88874999999916,0.0,0.0,0.15625,477.88874999999916
pass-1,development,-160,direct_level_0,quality,True,True,0,0,0,0,,0.117186,0.058593,0.0,477.88874999999916,0.0,0.0,0.15625,477.88874999999916
pass-1,development,-160,direct_level_1,geometry,True,True,1,1,0,0,0.019531,0.039062,0.019531,0.0,477.96687399999917,0.0,0.0,0.078126,477.96687399999917
pass-1,development,-160,direct_level_1,quality,True,True,0,0,0,0,,0.039062,0.019531,0.0,477.96687399999917,0.0,0.0,0.078126,477.96687399999917
pass-1,development,-160,direct_level_2,geometry,True,True,1,1,0,0,0.0,0.0,0.0,0.0,478.0059359999991,0.0,0.0,0.039064,478.0059359999991
pass-1,development,-160,direct_level_2,quality,True,True,0,0,0,0,,0.0,0,0.0,478.0059359999991,0.0,0.0,0.039064,478.0059359999991
pass-1,development,-160,coarse_20,geometry,True,False,1,1,0,0,10.0,39.960936,19.980468,0.0,438.04499999999916,0.0,0.0,40.0,438.04499999999916
pass-1,development,-160,coarse_20,quality,True,False,0,0,0,0,,39.960936,19.980468,0.0,438.04499999999916,0.0,0.0,40.0,438.04499999999916
pass-1,development,-160,coarse_10,geometry,True,False,1,1,0,0,8.027343,19.960936,9.980468,0.0,458.04499999999916,0.0,0.0,20.000000000000004,458.04499999999916
pass-1,development,-160,coarse_10,quality,True,False,0,0,0,0,,19.960936,9.980468,0.0,458.04499999999916,0.0,0.0,20.000000000000004,458.04499999999916
pass-1,development,-160,coarse_5,geometry,True,False,1,1,0,0,3.027343,9.960936,4.980468,0.0,468.04499999999916,0.0,0.0,10.0,468.04499999999916
pass-1,development,-160,coarse_5,quality,True,False,0,0,0,0,,9.960936,4.980468,0.0,468.04499999999916,0.0,0.0,10.0,468.04499999999916
pass-1,development,-150,direct_level_0,geometry,True,True,1,1,0,0,0.058593,0.117186,0.058593,0.0,477.88874999999916,0.0,0.0,0.15625,477.88874999999916
pass-1,development,-150,direct_level_0,quality,True,True,0,0,0,0,,0.117186,0.058593,0.0,477.88874999999916,0.0,0.0,0.15625,477.88874999999916
pass-1,development,-150,direct_level_1,geometry,True,True,1,1,0,0,0.019531,0.039062,0.019531,0.0,477.96687399999917,0.0,0.0,0.078126,477.96687399999917
pass-1,development,-150,direct_level_1,quality,True,True,0,0,0,0,,0.039062,0.019531,0.0,477.96687399999917,0.0,0.0,0.078126,477.96687399999917
pass-1,development,-150,direct_level_2,geometry,True,True,1,1,0,0,0.0,0.0,0.0,0.0,478.0059359999991,0.0,0.0,0.039064,478.0059359999991
pass-1,development,-150,direct_level_2,quality,True,True,0,0,0,0,,0.0,0,0.0,478.0059359999991,0.0,0.0,0.039064,478.0059359999991
pass-1,development,-150,coarse_20,geometry,True,False,1,1,0,0,10.0,39.960936,19.980468,0.0,438.04499999999916,0.0,0.0,40.0,438.04499999999916
pass-1,development,-150,coarse_20,quality,True,False,0,0,0,0,,39.960936,19.980468,0.0,438.04499999999916,0.0,0.0,40.0,438.04499999999916
pass-1,development,-150,coarse_10,geometry,True,False,1,1,0,0,8.027343,19.960936,9.980468,0.0,458.04499999999916,0.0,0.0,20.000000000000004,458.04499999999916
pass-1,development,-150,coarse_10,quality,True,False,0,0,0,0,,19.960936,9.980468,0.0,458.04499999999916,0.0,0.0,20.000000000000004,458.04499999999916
pass-1,development,-150,coarse_5,geometry,True,False,1,1,0,0,3.027343,9.960936,4.980468,0.0,468.04499999999916,0.0,0.0,10.0,468.04499999999916
pass-1,development,-150,coarse_5,quality,True,False,0,0,0,0,,9.960936,4.980468,0.0,468.04499999999916,0.0,0.0,10.0,468.04499999999916
pass-1,development,-140,direct_level_0,geometry,True,True,1,1,0,0,0.058593,0.117186,0.058593,0.0,477.88874999999916,0.0,0.0,0.15625,477.88874999999916
pass-1,development,-140,direct_level_0,quality,True,True,0,0,0,0,,0.117186,0.058593,0.0,477.88874999999916,0.0,0.0,0.15625,477.88874999999916
pass-1,development,-140,direct_level_1,geometry,True,True,1,1,0,0,0.019531,0.039062,0.019531,0.0,477.96687399999917,0.0,0.0,0.078126,477.96687399999917
pass-1,development,-140,direct_level_1,quality,True,True,0,0,0,0,,0.039062,0.019531,0.0,477.96687399999917,0.0,0.0,0.078126,477.96687399999917
pass-1,development,-140,direct_level_2,geometry,True,True,1,1,0,0,0.0,0.0,0.0,0.0,478.0059359999991,0.0,0.0,0.039064,478.0059359999991
pass-1,development,-140,direct_level_2,quality,True,True,0,0,0,0,,0.0,0,0.0,478.0059359999991,0.0,0.0,0.039064,478.0059359999991
pass-1,development,-140,coarse_20,geometry,True,False,1,1,0,0,10.0,39.960936,19.980468,0.0,438.04499999999916,0.0,0.0,40.0,438.04499999999916
pass-1,development,-140,coarse_20,quality,True,False,0,0,0,0,,39.960936,19.980468,0.0,438.04499999999916,0.0,0.0,40.0,438.04499999999916
pass-1,development,-140,coarse_10,geometry,True,False,1,1,0,0,8.027343,19.960936,9.980468,0.0,458.04499999999916,0.0,0.0,20.000000000000004,458.04499999999916
pass-1,development,-140,coarse_10,quality,True,False,0,0,0,0,,19.960936,9.980468,0.0,458.04499999999916,0.0,0.0,20.000000000000004,458.04499999999916
pass-1,development,-140,coarse_5,geometry,True,False,1,1,0,0,3.027343,9.960936,4.980468,0.0,468.04499999999916,0.0,0.0,10.0,468.04499999999916
pass-1,development,-140,coarse_5,quality,True,False,0,0,0,0,,9.960936,4.980468,0.0,468.04499999999916,0.0,0.0,10.0,468.04499999999916
pass-2,development,-160,direct_level_0,geometry,True,True,1,1,0,0,0.019532,0.117188,0.05859400000002779,450.703125,362.13337500000034,0.0,0.0,0.3125,812.8365000000003
pass-2,development,-160,direct_level_0,quality,True,True,1,1,0,0,0.039062,0.234376,0.05859400000002779,450.703125,362.13337500000034,0.0,0.0,0.3125,812.8365000000003
pass-2,development,-160,direct_level_1,geometry,True,True,1,1,0,0,0.019532,0.039063,0.019532000000026528,450.742187,362.25056200000034,0.0,0.0,0.15625099999999997,812.9927490000003
pass-2,development,-160,direct_level_1,quality,True,True,1,1,0,0,0.019532,0.078127,0.019532000000026528,450.742187,362.25056200000034,0.0,0.0,0.15625099999999997,812.9927490000003
pass-2,development,-160,direct_level_2,geometry,True,True,1,1,0,0,0.0,0.0,0.0,450.761719,362.3091570000003,0.0,0.0,0.078124,813.0708760000003
pass-2,development,-160,direct_level_2,quality,True,True,1,1,0,0,0.0,0.0,0.0,450.761719,362.3091570000003,0.0,0.0,0.078124,813.0708760000003
pass-2,development,-160,coarse_20,geometry,True,False,1,1,0,0,10.019532,39.960938,19.980469,420.0,313.14900000000034,0.0,0.0,80.0,733.1490000000003
pass-2,development,-160,coarse_20,quality,True,False,1,1,0,0,18.300782,79.921876,39.980469,420.0,313.14900000000034,0.0,0.0,80.0,733.1490000000003
pass-2,development,-160,coarse_10,geometry,True,False,1,1,0,0,3.125,19.960938,9.980469,440.0,333.14900000000034,0.0,0.0,40.0,773.1490000000003
pass-2,development,-160,coarse_10,quality,True,False,1,1,0,0,8.300782,39.921876,19.980469,440.0,333.14900000000034,0.0,0.0,40.0,773.1490000000003
pass-2,development,-160,coarse_5,geometry,True,False,1,1,0,0,3.125,9.960938,4.980469,445.0,348.14900000000034,0.0,0.0,20.0,793.1490000000003
pass-2,development,-160,coarse_5,quality,True,False,1,1,0,0,3.300782,19.921876,5.761719000000028,445.0,348.14900000000034,0.0,0.0,20.0,793.1490000000003
pass-2,development,-150,direct_level_0,geometry,True,True,1,1,0,0,0.019532,0.117188,0.05859400000002779,395.625,417.21150000000034,0.0,0.0,0.31250000000000006,812.8365000000003
pass-2,development,-150,direct_level_0,quality,True,True,1,1,0,0,0.0,0.234375,0.078125,395.625,417.21150000000034,0.0,0.0,0.31250000000000006,812.8365000000003
pass-2,development,-150,direct_level_1,geometry,True,True,1,1,0,0,0.019532,0.039063,0.019532000000140215,395.625,417.36775000000034,0.0,0.0,0.15624999999999997,812.9927500000003
pass-2,development,-150,direct_level_1,quality,True,True,1,1,0,0,0.0,0.078125,0.03906299999999874,395.625,417.36775000000034,0.0,0.0,0.15624999999999997,812.9927500000003
pass-2,development,-150,direct_level_2,geometry,True,True,1,1,0,0,0.0,0.0,0.0,395.625,417.4458750000002,0.0,0.0,0.078125,813.0708750000002
pass-2,development,-150,direct_level_2,quality,True,True,1,1,0,0,0.0,0.0,0.0,395.625,417.4458750000002,0.0,0.0,0.078125,813.0708750000002
pass-2,development,-150,coarse_20,geometry,True,False,1,1,0,0,10.019532,39.960938,19.980469,380.0,353.14900000000034,0.0,0.0,80.0,733.1490000000003
pass-2,development,-150,coarse_20,quality,True,False,1,1,0,0,12.96875,79.921875,27.34375,380.0,353.14900000000034,0.0,0.0,80.0,733.1490000000003
pass-2,development,-150,coarse_10,geometry,True,False,1,1,0,0,3.125,19.960938,9.980469,390.0,383.14900000000034,0.0,0.0,40.0,773.1490000000003
pass-2,development,-150,coarse_10,quality,True,False,1,1,0,0,2.96875,39.921875,9.980468,390.0,383.14900000000034,0.0,0.0,40.0,773.1490000000003
pass-2,development,-150,coarse_5,geometry,True,False,1,1,0,0,3.125,9.960938,4.980469,390.0,403.14900000000034,0.0,0.0,20.0,793.1490000000003
pass-2,development,-150,coarse_5,quality,True,False,1,1,0,0,2.96875,19.921875,5.625,390.0,403.14900000000034,0.0,0.0,20.0,793.1490000000003
pass-2,development,-140,direct_level_0,geometry,True,True,1,1,0,0,0.019532,0.117188,0.05859400000002779,376.09375,436.74275000000034,0.0,0.0,0.31250000000000006,812.8365000000003
pass-2,development,-140,direct_level_0,quality,True,True,1,1,0,0,0.019532,0.234376,0.05859400000002779,376.09375,436.74275000000034,0.0,0.0,0.31250000000000006,812.8365000000003
pass-2,development,-140,direct_level_1,geometry,True,True,1,1,0,0,0.019532,0.039063,0.019532000000140215,376.09375,436.89900000000034,0.0,0.0,0.15624999999999997,812.9927500000003
pass-2,development,-140,direct_level_1,quality,True,True,1,1,0,0,0.019532,0.078126,0.03906299999999874,376.09375,436.89900000000034,0.0,0.0,0.15624999999999997,812.9927500000003
pass-2,development,-140,direct_level_2,geometry,True,True,1,1,0,0,0.0,0.0,0.0,376.132813,436.9380630000003,0.0,0.0,0.078124,813.0708760000002
pass-2,development,-140,direct_level_2,quality,True,True,1,1,0,0,0.0,0.0,0.0,376.132813,436.9380630000003,0.0,0.0,0.078124,813.0708760000002
pass-2,development,-140,coarse_20,geometry,True,False,1,1,0,0,10.019532,39.960938,19.980469,360.0,373.14900000000034,0.0,0.0,80.0,733.1490000000003
pass-2,development,-140,coarse_20,quality,True,False,1,1,0,0,10.253907,79.921876,19.980469,360.0,373.14900000000034,0.0,0.0,80.0,733.1490000000003
pass-2,development,-140,coarse_10,geometry,True,False,1,1,0,0,3.125,19.960938,9.980469,370.0,403.14900000000034,0.0,0.0,40.0,773.1490000000003
pass-2,development,-140,coarse_10,quality,True,False,1,1,0,0,5.878906,39.921876,9.980469,370.0,403.14900000000034,0.0,0.0,40.0,773.1490000000003
pass-2,development,-140,coarse_5,geometry,True,False,1,1,0,0,3.125,9.960938,4.980469,375.0,418.14900000000034,0.0,0.0,20.0,793.1490000000003
pass-2,development,-140,coarse_5,quality,True,False,1,1,0,0,0.878906,19.921876,4.980469,375.0,418.14900000000034,0.0,0.0,20.0,793.1490000000003
pass-3,holdout,-160,direct_level_0,geometry,True,True,1,1,0,0,0.039062,0.117187,0.058593,121.796875,625.2093749999995,0.0,0.0,0.46875,747.0062499999995
pass-3,holdout,-160,direct_level_0,quality,True,True,2,2,0,0,0.058593,0.35156,0.058593000000001894,121.796875,625.2093749999995,0.0,0.0,0.46875,747.0062499999995
pass-3,holdout,-160,direct_level_1,geometry,True,True,1,1,0,0,0.0,0.039063,0.019531999999998106,121.874999,625.3656229999993,0.0,0.0,0.23437799999999995,747.2406219999993
pass-3,holdout,-160,direct_level_1,quality,True,True,2,2,0,0,0.019532,0.117188,0.019531999999998106,121.874999,625.3656229999993,0.0,0.0,0.23437799999999995,747.2406219999993
pass-3,holdout,-160,direct_level_2,geometry,True,True,1,1,0,0,0.0,0.0,0.0,121.933593,625.4242169999994,0.0,0.0,0.11718999999999999,747.3578099999994
pass-3,holdout,-160,direct_level_2,quality,True,True,2,2,0,0,0.0,0.0,0.0,121.933593,625.4242169999994,0.0,0.0,0.11718999999999999,747.3578099999994
pass-3,holdout,-160,coarse_20,geometry,True,False,1,1,0,0,17.460937,39.960937,27.460936999999944,80.0,547.4749999999995,0.0,0.0,120.0,627.4749999999995
pass-3,holdout,-160,coarse_20,quality,True,False,2,2,0,0,13.886718,119.88281,25.898437,80.0,547.4749999999995,0.0,0.0,120.0,627.4749999999995
pass-3,holdout,-160,coarse_10,geometry,True,False,1,1,0,0,7.460937,19.960937,9.980468,110.0,577.4749999999995,0.0,0.0,60.0,687.4749999999995
pass-3,holdout,-160,coarse_10,quality,True,False,2,2,0,0,4.082032,59.88281,9.980468,110.0,577.4749999999995,0.0,0.0,60.0,687.4749999999995
pass-3,holdout,-160,coarse_5,geometry,True,False,1,1,0,0,2.460937,9.960937,4.980468,110.0,607.4749999999995,0.0,0.0,30.00000000000001,717.4749999999995
pass-3,holdout,-160,coarse_5,quality,True,False,2,2,0,0,4.082032,29.88281,5.605468000000002,110.0,607.4749999999995,0.0,0.0,30.00000000000001,717.4749999999995
pass-3,holdout,-150,direct_level_0,geometry,True,True,1,1,0,0,0.039062,0.117187,0.058593,70.15625,677.0062499999995,0.0,0.0,0.3125,747.1624999999995
pass-3,holdout,-150,direct_level_0,quality,True,True,1,1,0,0,0.039063,0.234375,0.078125,70.15625,677.0062499999995,0.0,0.0,0.3125,747.1624999999995
pass-3,holdout,-150,direct_level_1,geometry,True,True,1,1,0,0,0.0,0.039063,0.019531999999998106,70.234375,677.0843739999995,0.0,0.0,0.15625099999999997,747.3187489999995
pass-3,holdout,-150,direct_level_1,quality,True,True,1,1,0,0,0.0,0.078126,0.019531999999998106,70.234375,677.0843739999995,0.0,0.0,0.15625099999999997,747.3187489999995
pass-3,holdout,-150,direct_level_2,geometry,True,True,1,1,0,0,0.0,0.0,0.0,70.234375,677.1624999999993,0.0,0.0,0.078125,747.3968749999993
pass-3,holdout,-150,direct_level_2,quality,True,True,1,1,0,0,0.0,0.0,0.0,70.234375,677.1624999999993,0.0,0.0,0.078125,747.3968749999993
pass-3,holdout,-150,coarse_20,geometry,True,False,1,1,0,0,17.460937,39.960937,27.460936999999944,40.0,627.4749999999995,0.0,0.0,80.0,667.4749999999995
pass-3,holdout,-150,coarse_20,quality,True,False,1,1,0,0,18.789062,79.921875,30.234375,40.0,627.4749999999995,0.0,0.0,80.0,667.4749999999995
pass-3,holdout,-150,coarse_10,geometry,True,False,1,1,0,0,7.460937,19.960937,9.980468,60.0,647.4749999999995,0.0,0.0,40.0,707.4749999999995
pass-3,holdout,-150,coarse_10,quality,True,False,1,1,0,0,8.789062,39.921875,10.234375,60.0,647.4749999999995,0.0,0.0,40.0,707.4749999999995
pass-3,holdout,-150,coarse_5,geometry,True,False,1,1,0,0,2.460937,9.960937,4.980468,65.0,662.4749999999995,0.0,0.0,20.000000000000004,727.4749999999995
pass-3,holdout,-150,coarse_5,quality,True,False,1,1,0,0,3.789062,19.921875,5.234375,65.0,662.4749999999995,0.0,0.0,20.000000000000004,727.4749999999995
pass-3,holdout,-140,direct_level_0,geometry,True,True,1,1,0,0,0.039062,0.117187,0.058593,53.359375,693.6468749999995,0.0,0.0,0.4687500000000001,747.0062499999995
pass-3,holdout,-140,direct_level_0,quality,True,True,2,2,0,0,0.039063,0.351563,0.058593,53.359375,693.6468749999995,0.0,0.0,0.4687500000000001,747.0062499999995
pass-3,holdout,-140,direct_level_1,geometry,True,True,1,1,0,0,0.0,0.039063,0.019531999999998106,53.398438,693.8421869999994,0.0,0.0,0.23437499999999994,747.2406249999995
pass-3,holdout,-140,direct_level_1,quality,True,True,2,2,0,0,0.019532,0.117188,0.019531999999998106,53.398438,693.8421869999994,0.0,0.0,0.23437499999999994,747.2406249999995
pass-3,holdout,-140,direct_level_2,geometry,True,True,1,1,0,0,0.0,0.0,0.0,53.437501,693.9203119999994,0.0,0.0,0.11718699999999999,747.3578129999994
pass-3,holdout,-140,direct_level_2,quality,True,True,2,2,0,0,0.0,0.0,0.0,53.437501,693.9203119999994,0.0,0.0,0.11718699999999999,747.3578129999994
pass-3,holdout,-140,coarse_20,geometry,True,False,1,1,0,0,17.460937,39.960937,27.460936999999717,0.0,627.4749999999995,0.0,0.0,120.0,627.4749999999995
pass-3,holdout,-140,coarse_20,quality,True,False,0,2,0,2,,119.882813,79.980468,0.0,627.4749999999995,0.0,0.0,120.0,627.4749999999995
pass-3,holdout,-140,coarse_10,geometry,True,False,1,1,0,0,7.460937,19.960937,9.980468,30.0,657.4749999999995,0.0,0.0,60.0,687.4749999999995
pass-3,holdout,-140,coarse_10,quality,True,False,2,2,0,0,9.160156,59.882813,12.929687999999999,30.0,657.4749999999995,0.0,0.0,60.0,687.4749999999995
pass-3,holdout,-140,coarse_5,geometry,True,False,1,1,0,0,2.460937,9.960937,4.980468,40.0,677.4749999999995,0.0,0.0,30.000000000000004,717.4749999999995
pass-3,holdout,-140,coarse_5,quality,True,False,2,2,0,0,4.160156,29.882813,7.929687999999999,40.0,677.4749999999995,0.0,0.0,30.000000000000004,717.4749999999995
pass-4,holdout,-160,direct_level_0,geometry,True,True,1,1,0,0,0.019532,0.117188,0.05859400000001358,0.0,543.4657500000003,0.0,0.0,0.15625,543.4657500000003
pass-4,holdout,-160,direct_level_0,quality,True,True,0,0,0,0,,0.117188,0.05859400000001358,0.0,543.4657500000003,0.0,0.0,0.15625,543.4657500000003
pass-4,holdout,-160,direct_level_1,geometry,True,True,1,1,0,0,0.019532,0.039063,0.019532000000026528,0.0,543.5438750000004,0.0,0.0,0.078125,543.5438750000004
pass-4,holdout,-160,direct_level_1,quality,True,True,0,0,0,0,,0.039063,0.019532000000026528,0.0,543.5438750000004,0.0,0.0,0.078125,543.5438750000004
pass-4,holdout,-160,direct_level_2,geometry,True,True,1,1,0,0,0.0,0.0,0.0,0.0,543.5829380000004,0.0,0.0,0.039062,543.5829380000004
pass-4,holdout,-160,direct_level_2,quality,True,True,0,0,0,0,,0.0,0,0.0,543.5829380000004,0.0,0.0,0.039062,543.5829380000004
pass-4,holdout,-160,coarse_20,geometry,True,False,1,1,0,0,13.59375,39.960938,23.613282000000027,0.0,503.62199999999984,0.0,0.0,40.0,503.62199999999984
pass-4,holdout,-160,coarse_20,quality,True,False,0,0,0,0,,39.960938,23.613282000000027,0.0,503.62199999999984,0.0,0.0,40.0,503.62199999999984
pass-4,holdout,-160,coarse_10,geometry,True,False,1,1,0,0,3.59375,19.960938,9.980469,0.0,523.6220000000003,0.0,0.0,20.0,523.6220000000003
pass-4,holdout,-160,coarse_10,quality,True,False,0,0,0,0,,19.960938,9.980469,0.0,523.6220000000003,0.0,0.0,20.0,523.6220000000003
pass-4,holdout,-160,coarse_5,geometry,True,False,1,1,0,0,3.59375,9.960938,4.980469,0.0,533.6220000000003,0.0,0.0,10.000000000000002,533.6220000000003
pass-4,holdout,-160,coarse_5,quality,True,False,0,0,0,0,,9.960938,4.980469,0.0,533.6220000000003,0.0,0.0,10.000000000000002,533.6220000000003
pass-4,holdout,-150,direct_level_0,geometry,True,True,1,1,0,0,0.019532,0.117188,0.05859400000001358,0.0,543.4657500000003,0.0,0.0,0.15625,543.4657500000003
pass-4,holdout,-150,direct_level_0,quality,True,True,0,0,0,0,,0.117188,0.05859400000001358,0.0,543.4657500000003,0.0,0.0,0.15625,543.4657500000003
pass-4,holdout,-150,direct_level_1,geometry,True,True,1,1,0,0,0.019532,0.039063,0.019532000000026528,0.0,543.5438750000004,0.0,0.0,0.078125,543.5438750000004
pass-4,holdout,-150,direct_level_1,quality,True,True,0,0,0,0,,0.039063,0.019532000000026528,0.0,543.5438750000004,0.0,0.0,0.078125,543.5438750000004
pass-4,holdout,-150,direct_level_2,geometry,True,True,1,1,0,0,0.0,0.0,0.0,0.0,543.5829380000004,0.0,0.0,0.039062,543.5829380000004
pass-4,holdout,-150,direct_level_2,quality,True,True,0,0,0,0,,0.0,0,0.0,543.5829380000004,0.0,0.0,0.039062,543.5829380000004
pass-4,holdout,-150,coarse_20,geometry,True,False,1,1,0,0,13.59375,39.960938,23.613282000000027,0.0,503.62199999999984,0.0,0.0,40.0,503.62199999999984
pass-4,holdout,-150,coarse_20,quality,True,False,0,0,0,0,,39.960938,23.613282000000027,0.0,503.62199999999984,0.0,0.0,40.0,503.62199999999984
pass-4,holdout,-150,coarse_10,geometry,True,False,1,1,0,0,3.59375,19.960938,9.980469,0.0,523.6220000000003,0.0,0.0,20.0,523.6220000000003
pass-4,holdout,-150,coarse_10,quality,True,False,0,0,0,0,,19.960938,9.980469,0.0,523.6220000000003,0.0,0.0,20.0,523.6220000000003
pass-4,holdout,-150,coarse_5,geometry,True,False,1,1,0,0,3.59375,9.960938,4.980469,0.0,533.6220000000003,0.0,0.0,10.000000000000002,533.6220000000003
pass-4,holdout,-150,coarse_5,quality,True,False,0,0,0,0,,9.960938,4.980469,0.0,533.6220000000003,0.0,0.0,10.000000000000002,533.6220000000003
pass-4,holdout,-140,direct_level_0,geometry,True,True,1,1,0,0,0.019532,0.117188,0.05859400000001358,0.0,543.4657500000003,0.0,0.0,0.15625,543.4657500000003
pass-4,holdout,-140,direct_level_0,quality,True,True,0,0,0,0,,0.117188,0.05859400000001358,0.0,543.4657500000003,0.0,0.0,0.15625,543.4657500000003
pass-4,holdout,-140,direct_level_1,geometry,True,True,1,1,0,0,0.019532,0.039063,0.019532000000026528,0.0,543.5438750000004,0.0,0.0,0.078125,543.5438750000004
pass-4,holdout,-140,direct_level_1,quality,True,True,0,0,0,0,,0.039063,0.019532000000026528,0.0,543.5438750000004,0.0,0.0,0.078125,543.5438750000004
pass-4,holdout,-140,direct_level_2,geometry,True,True,1,1,0,0,0.0,0.0,0.0,0.0,543.5829380000004,0.0,0.0,0.039062,543.5829380000004
pass-4,holdout,-140,direct_level_2,quality,True,True,0,0,0,0,,0.0,0,0.0,543.5829380000004,0.0,0.0,0.039062,543.5829380000004
pass-4,holdout,-140,coarse_20,geometry,True,False,1,1,0,0,13.59375,39.960938,23.613282000000027,0.0,503.62199999999984,0.0,0.0,40.0,503.62199999999984
pass-4,holdout,-140,coarse_20,quality,True,False,0,0,0,0,,39.960938,23.613282000000027,0.0,503.62199999999984,0.0,0.0,40.0,503.62199999999984
pass-4,holdout,-140,coarse_10,geometry,True,False,1,1,0,0,3.59375,19.960938,9.980469,0.0,523.6220000000003,0.0,0.0,20.0,523.6220000000003
pass-4,holdout,-140,coarse_10,quality,True,False,0,0,0,0,,19.960938,9.980469,0.0,523.6220000000003,0.0,0.0,20.0,523.6220000000003
pass-4,holdout,-140,coarse_5,geometry,True,False,1,1,0,0,3.59375,9.960938,4.980469,0.0,533.6220000000003,0.0,0.0,10.000000000000002,533.6220000000003
pass-4,holdout,-140,coarse_5,quality,True,False,0,0,0,0,,9.960938,4.980469,0.0,533.6220000000003,0.0,0.0,10.000000000000002,533.6220000000003
pass-1,development,-160,guarded_selected,geometry,True,True,1,1,0,0,0.058593,0.117186,0.058593,0.0,477.88874999999916,0.0,0.0,0.15625,477.88874999999916
pass-1,development,-160,guarded_selected,quality,True,True,0,0,0,0,,0.117186,0.058593,0.0,477.88874999999916,0.0,0.0,0.15625,477.88874999999916
pass-1,development,-150,guarded_selected,geometry,True,True,1,1,0,0,0.058593,0.117186,0.058593,0.0,477.88874999999916,0.0,0.0,0.15625,477.88874999999916
pass-1,development,-150,guarded_selected,quality,True,True,0,0,0,0,,0.117186,0.058593,0.0,477.88874999999916,0.0,0.0,0.15625,477.88874999999916
pass-1,development,-140,guarded_selected,geometry,True,True,1,1,0,0,0.058593,0.117186,0.058593,0.0,477.88874999999916,0.0,0.0,0.15625,477.88874999999916
pass-1,development,-140,guarded_selected,quality,True,True,0,0,0,0,,0.117186,0.058593,0.0,477.88874999999916,0.0,0.0,0.15625,477.88874999999916
pass-2,development,-160,guarded_selected,geometry,True,True,1,1,0,0,0.019532,0.117188,0.05859400000002779,450.703125,362.13337500000034,0.0,0.0,0.3125,812.8365000000003
pass-2,development,-160,guarded_selected,quality,True,True,1,1,0,0,0.039062,0.234376,0.05859400000002779,450.703125,362.13337500000034,0.0,0.0,0.3125,812.8365000000003
pass-2,development,-150,guarded_selected,geometry,True,True,1,1,0,0,0.019532,0.117188,0.05859400000002779,395.625,417.21150000000034,0.0,0.0,0.31250000000000006,812.8365000000003
pass-2,development,-150,guarded_selected,quality,True,True,1,1,0,0,0.0,0.234375,0.078125,395.625,417.21150000000034,0.0,0.0,0.31250000000000006,812.8365000000003
pass-2,development,-140,guarded_selected,geometry,True,True,1,1,0,0,0.019532,0.117188,0.05859400000002779,376.09375,436.74275000000034,0.0,0.0,0.31250000000000006,812.8365000000003
pass-2,development,-140,guarded_selected,quality,True,True,1,1,0,0,0.019532,0.234376,0.05859400000002779,376.09375,436.74275000000034,0.0,0.0,0.31250000000000006,812.8365000000003
pass-3,holdout,-160,guarded_selected,geometry,True,True,1,1,0,0,0.039062,0.117187,0.058593,121.796875,625.2093749999995,0.0,0.0,0.46875,747.0062499999995
pass-3,holdout,-160,guarded_selected,quality,True,True,2,2,0,0,0.058593,0.35156,0.058593000000001894,121.796875,625.2093749999995,0.0,0.0,0.46875,747.0062499999995
pass-3,holdout,-150,guarded_selected,geometry,True,True,1,1,0,0,0.039062,0.117187,0.058593,70.15625,677.0062499999995,0.0,0.0,0.3125,747.1624999999995
pass-3,holdout,-150,guarded_selected,quality,True,True,1,1,0,0,0.039063,0.234375,0.078125,70.15625,677.0062499999995,0.0,0.0,0.3125,747.1624999999995
pass-3,holdout,-140,guarded_selected,geometry,True,True,1,1,0,0,0.039062,0.117187,0.058593,53.359375,693.6468749999995,0.0,0.0,0.4687500000000001,747.0062499999995
pass-3,holdout,-140,guarded_selected,quality,True,True,2,2,0,0,0.039063,0.351563,0.058593,53.359375,693.6468749999995,0.0,0.0,0.4687500000000001,747.0062499999995
pass-4,holdout,-160,guarded_selected,geometry,True,True,1,1,0,0,0.019532,0.117188,0.05859400000001358,0.0,543.4657500000003,0.0,0.0,0.15625,543.4657500000003
pass-4,holdout,-160,guarded_selected,quality,True,True,0,0,0,0,,0.117188,0.05859400000001358,0.0,543.4657500000003,0.0,0.0,0.15625,543.4657500000003
pass-4,holdout,-150,guarded_selected,geometry,True,True,1,1,0,0,0.019532,0.117188,0.05859400000001358,0.0,543.4657500000003,0.0,0.0,0.15625,543.4657500000003
pass-4,holdout,-150,guarded_selected,quality,True,True,0,0,0,0,,0.117188,0.05859400000001358,0.0,543.4657500000003,0.0,0.0,0.15625,543.4657500000003
pass-4,holdout,-140,guarded_selected,geometry,True,True,1,1,0,0,0.019532,0.117188,0.05859400000001358,0.0,543.4657500000003,0.0,0.0,0.15625,543.4657500000003
pass-4,holdout,-140,guarded_selected,quality,True,True,0,0,0,0,,0.117188,0.05859400000001358,0.0,543.4657500000003,0.0,0.0,0.15625,543.4657500000003
