scene_id,elevation_deg,blockage,frequency_hz,total_pairs,paired_known,capped_pairs,model_difference,used_loss_difference,received_power_difference,converged_reference_difference
below_horizon,-1,not_applicable,14500000000.0,1,0,0,"{""count"": 0, ""mae_db"": null, ""max_absolute_db"": null, ""p95_absolute_db"": null, ""signed_mean_db"": null}","{""count"": 0, ""mae_db"": null, ""max_absolute_db"": null, ""p95_absolute_db"": null, ""signed_mean_db"": null}","{""count"": 0, ""mae_db"": null, ""max_absolute_db"": null, ""p95_absolute_db"": null, ""signed_mean_db"": null}","{""count"": 0, ""mae_db"": null, ""max_absolute_db"": null, ""p95_absolute_db"": null, ""signed_mean_db"": null}"
deep_ridge,0,not_applicable,14500000000.0,24,0,0,"{""count"": 0, ""mae_db"": null, ""max_absolute_db"": null, ""p95_absolute_db"": null, ""signed_mean_db"": null}","{""count"": 0, ""mae_db"": null, ""max_absolute_db"": null, ""p95_absolute_db"": null, ""signed_mean_db"": null}","{""count"": 0, ""mae_db"": null, ""max_absolute_db"": null, ""p95_absolute_db"": null, ""signed_mean_db"": null}","{""count"": 0, ""mae_db"": null, ""max_absolute_db"": null, ""p95_absolute_db"": null, ""signed_mean_db"": null}"
deep_ridge,1,blocked,1000000000.0,3,3,2,"{""count"": 1, ""mae_db"": 4.87471963102346, ""max_absolute_db"": 4.87471963102346, ""p95_absolute_db"": 4.87471963102346, ""signed_mean_db"": 4.87471963102346}","{""count"": 1, ""mae_db"": 4.87471963102346, ""max_absolute_db"": 4.87471963102346, ""p95_absolute_db"": 4.87471963102346, ""signed_mean_db"": 4.87471963102346}","{""count"": 1, ""mae_db"": 4.874719631023453, ""max_absolute_db"": 4.874719631023453, ""p95_absolute_db"": 4.874719631023453, ""signed_mean_db"": -4.874719631023453}","{""count"": 0, ""mae_db"": null, ""max_absolute_db"": null, ""p95_absolute_db"": null, ""signed_mean_db"": null}"
deep_ridge,1,blocked,14500000000.0,21,21,21,"{""count"": 0, ""mae_db"": null, ""max_absolute_db"": null, ""p95_absolute_db"": null, ""signed_mean_db"": null}","{""count"": 0, ""mae_db"": null, ""max_absolute_db"": null, ""p95_absolute_db"": null, ""signed_mean_db"": null}","{""count"": 0, ""mae_db"": null, ""max_absolute_db"": null, ""p95_absolute_db"": null, ""signed_mean_db"": null}","{""count"": 0, ""mae_db"": null, ""max_absolute_db"": null, ""p95_absolute_db"": null, ""signed_mean_db"": null}"
deep_ridge,1,clear_within_radius,14500000000.0,18,18,0,"{""count"": 18, ""mae_db"": 0.0, ""max_absolute_db"": 0.0, ""p95_absolute_db"": 0.0, ""signed_mean_db"": 0.0}","{""count"": 18, ""mae_db"": 0.0, ""max_absolute_db"": 0.0, ""p95_absolute_db"": 0.0, ""signed_mean_db"": 0.0}","{""count"": 18, ""mae_db"": 0.0, ""max_absolute_db"": 0.0, ""p95_absolute_db"": 0.0, ""signed_mean_db"": 0.0}","{""count"": 18, ""mae_db"": 0.0, ""max_absolute_db"": 0.0, ""p95_absolute_db"": 0.0, ""signed_mean_db"": 0.0}"
deep_ridge,5,blocked,1000000000.0,3,3,0,"{""count"": 3, ""mae_db"": 1.849265150891938, ""max_absolute_db"": 3.0884096074166507, ""p95_absolute_db"": 2.9760267305443358, ""signed_mean_db"": 1.849265150891938}","{""count"": 3, ""mae_db"": 1.849265150891938, ""max_absolute_db"": 3.0884096074166507, ""p95_absolute_db"": 2.9760267305443358, ""signed_mean_db"": 1.849265150891938}","{""count"": 3, ""mae_db"": 1.849265150891938, ""max_absolute_db"": 3.0884096074166507, ""p95_absolute_db"": 2.976026730544336, ""signed_mean_db"": -1.849265150891938}","{""count"": 0, ""mae_db"": null, ""max_absolute_db"": null, ""p95_absolute_db"": null, ""signed_mean_db"": null}"
deep_ridge,5,blocked,14500000000.0,21,21,21,"{""count"": 0, ""mae_db"": null, ""max_absolute_db"": null, ""p95_absolute_db"": null, ""signed_mean_db"": null}","{""count"": 0, ""mae_db"": null, ""max_absolute_db"": null, ""p95_absolute_db"": null, ""signed_mean_db"": null}","{""count"": 0, ""mae_db"": null, ""max_absolute_db"": null, ""p95_absolute_db"": null, ""signed_mean_db"": null}","{""count"": 0, ""mae_db"": null, ""max_absolute_db"": null, ""p95_absolute_db"": null, ""signed_mean_db"": null}"
deep_ridge,5,clear_within_radius,14500000000.0,18,18,0,"{""count"": 18, ""mae_db"": 0.0, ""max_absolute_db"": 0.0, ""p95_absolute_db"": 0.0, ""signed_mean_db"": 0.0}","{""count"": 18, ""mae_db"": 0.0, ""max_absolute_db"": 0.0, ""p95_absolute_db"": 0.0, ""signed_mean_db"": 0.0}","{""count"": 18, ""mae_db"": 0.0, ""max_absolute_db"": 0.0, ""p95_absolute_db"": 0.0, ""signed_mean_db"": 0.0}","{""count"": 18, ""mae_db"": 0.0, ""max_absolute_db"": 0.0, ""p95_absolute_db"": 0.0, ""signed_mean_db"": 0.0}"
deep_ridge,30,blocked,1000000000.0,3,3,0,"{""count"": 3, ""mae_db"": 0.0, ""max_absolute_db"": 0.0, ""p95_absolute_db"": 0.0, ""signed_mean_db"": 0.0}","{""count"": 3, ""mae_db"": 0.0, ""max_absolute_db"": 0.0, ""p95_absolute_db"": 0.0, ""signed_mean_db"": 0.0}","{""count"": 3, ""mae_db"": 0.0, ""max_absolute_db"": 0.0, ""p95_absolute_db"": 0.0, ""signed_mean_db"": 0.0}","{""count"": 3, ""mae_db"": 0.0, ""max_absolute_db"": 0.0, ""p95_absolute_db"": 0.0, ""signed_mean_db"": 0.0}"
deep_ridge,30,blocked,14500000000.0,21,21,3,"{""count"": 18, ""mae_db"": 1.1842378929335002e-15, ""max_absolute_db"": 7.105427357601002e-15, ""p95_absolute_db"": 7.105427357601002e-15, ""signed_mean_db"": 1.1842378929335002e-15}","{""count"": 18, ""mae_db"": 1.1842378929335002e-15, ""max_absolute_db"": 7.105427357601002e-15, ""p95_absolute_db"": 7.105427357601002e-15, ""signed_mean_db"": 1.1842378929335002e-15}","{""count"": 18, ""mae_db"": 4.736951571734001e-15, ""max_absolute_db"": 2.842170943040401e-14, ""p95_absolute_db"": 2.842170943040401e-14, ""signed_mean_db"": -4.736951571734001e-15}","{""count"": 18, ""mae_db"": 1.1842378929335002e-15, ""max_absolute_db"": 7.105427357601002e-15, ""p95_absolute_db"": 7.105427357601002e-15, ""signed_mean_db"": 1.1842378929335002e-15}"
deep_ridge,30,clear_within_radius,14500000000.0,18,18,0,"{""count"": 18, ""mae_db"": 0.0, ""max_absolute_db"": 0.0, ""p95_absolute_db"": 0.0, ""signed_mean_db"": 0.0}","{""count"": 18, ""mae_db"": 0.0, ""max_absolute_db"": 0.0, ""p95_absolute_db"": 0.0, ""signed_mean_db"": 0.0}","{""count"": 18, ""mae_db"": 0.0, ""max_absolute_db"": 0.0, ""p95_absolute_db"": 0.0, ""signed_mean_db"": 0.0}","{""count"": 18, ""mae_db"": 0.0, ""max_absolute_db"": 0.0, ""p95_absolute_db"": 0.0, ""signed_mean_db"": 0.0}"
double_ridge,0,not_applicable,14500000000.0,24,0,0,"{""count"": 0, ""mae_db"": null, ""max_absolute_db"": null, ""p95_absolute_db"": null, ""signed_mean_db"": null}","{""count"": 0, ""mae_db"": null, ""max_absolute_db"": null, ""p95_absolute_db"": null, ""signed_mean_db"": null}","{""count"": 0, ""mae_db"": null, ""max_absolute_db"": null, ""p95_absolute_db"": null, ""signed_mean_db"": null}","{""count"": 0, ""mae_db"": null, ""max_absolute_db"": null, ""p95_absolute_db"": null, ""signed_mean_db"": null}"
double_ridge,1,blocked,1000000000.0,3,3,0,"{""count"": 3, ""mae_db"": 5.138630308343854, ""max_absolute_db"": 5.423084059580148, ""p95_absolute_db"": 5.3980184864240615, ""signed_mean_db"": 5.138630308343854}","{""count"": 3, ""mae_db"": 5.138630308343854, ""max_absolute_db"": 5.423084059580148, ""p95_absolute_db"": 5.3980184864240615, ""signed_mean_db"": 5.138630308343854}","{""count"": 3, ""mae_db"": 5.138630308343863, ""max_absolute_db"": 5.423084059580162, ""p95_absolute_db"": 5.398018486424076, ""signed_mean_db"": -5.138630308343863}","{""count"": 0, ""mae_db"": null, ""max_absolute_db"": null, ""p95_absolute_db"": null, ""signed_mean_db"": null}"
double_ridge,1,blocked,14500000000.0,21,21,3,"{""count"": 18, ""mae_db"": 2.8475742231378884, ""max_absolute_db"": 3.8137987059374225, ""p95_absolute_db"": 3.8137987059374225, ""signed_mean_db"": 2.8475742231378884}","{""count"": 18, ""mae_db"": 2.8475742231378884, ""max_absolute_db"": 3.8137987059374225, ""p95_absolute_db"": 3.8137987059374225, ""signed_mean_db"": 2.8475742231378884}","{""count"": 18, ""mae_db"": 2.847574223137888, ""max_absolute_db"": 3.813798705937444, ""p95_absolute_db"": 3.813798705937444, ""signed_mean_db"": -2.847574223137888}","{""count"": 0, ""mae_db"": null, ""max_absolute_db"": null, ""p95_absolute_db"": null, ""signed_mean_db"": null}"
double_ridge,1,clear_within_radius,14500000000.0,18,18,0,"{""count"": 18, ""mae_db"": 0.0, ""max_absolute_db"": 0.0, ""p95_absolute_db"": 0.0, ""signed_mean_db"": 0.0}","{""count"": 18, ""mae_db"": 0.0, ""max_absolute_db"": 0.0, ""p95_absolute_db"": 0.0, ""signed_mean_db"": 0.0}","{""count"": 18, ""mae_db"": 0.0, ""max_absolute_db"": 0.0, ""p95_absolute_db"": 0.0, ""signed_mean_db"": 0.0}","{""count"": 18, ""mae_db"": 0.0, ""max_absolute_db"": 0.0, ""p95_absolute_db"": 0.0, ""signed_mean_db"": 0.0}"
double_ridge,5,blocked,1000000000.0,3,3,0,"{""count"": 3, ""mae_db"": 1.8150491430839704, ""max_absolute_db"": 3.062995495163925, ""p95_absolute_db"": 2.9497708559869804, ""signed_mean_db"": 1.8150491430839704}","{""count"": 3, ""mae_db"": 1.8150491430839704, ""max_absolute_db"": 3.062995495163925, ""p95_absolute_db"": 2.9497708559869804, ""signed_mean_db"": 1.8150491430839704}","{""count"": 3, ""mae_db"": 1.815049143083968, ""max_absolute_db"": 3.062995495163932, ""p95_absolute_db"": 2.949770855986986, ""signed_mean_db"": -1.815049143083968}","{""count"": 0, ""mae_db"": null, ""max_absolute_db"": null, ""p95_absolute_db"": null, ""signed_mean_db"": null}"
double_ridge,5,blocked,14500000000.0,21,21,3,"{""count"": 18, ""mae_db"": 0.0, ""max_absolute_db"": 0.0, ""p95_absolute_db"": 0.0, ""signed_mean_db"": 0.0}","{""count"": 18, ""mae_db"": 0.0, ""max_absolute_db"": 0.0, ""p95_absolute_db"": 0.0, ""signed_mean_db"": 0.0}","{""count"": 18, ""mae_db"": 0.0, ""max_absolute_db"": 0.0, ""p95_absolute_db"": 0.0, ""signed_mean_db"": 0.0}","{""count"": 18, ""mae_db"": 0.0, ""max_absolute_db"": 0.0, ""p95_absolute_db"": 0.0, ""signed_mean_db"": 0.0}"
double_ridge,5,clear_within_radius,14500000000.0,18,18,0,"{""count"": 18, ""mae_db"": 0.0, ""max_absolute_db"": 0.0, ""p95_absolute_db"": 0.0, ""signed_mean_db"": 0.0}","{""count"": 18, ""mae_db"": 0.0, ""max_absolute_db"": 0.0, ""p95_absolute_db"": 0.0, ""signed_mean_db"": 0.0}","{""count"": 18, ""mae_db"": 0.0, ""max_absolute_db"": 0.0, ""p95_absolute_db"": 0.0, ""signed_mean_db"": 0.0}","{""count"": 18, ""mae_db"": 0.0, ""max_absolute_db"": 0.0, ""p95_absolute_db"": 0.0, ""signed_mean_db"": 0.0}"
double_ridge,30,clear_within_radius,1000000000.0,3,3,0,"{""count"": 3, ""mae_db"": 8.881784197001252e-16, ""max_absolute_db"": 8.881784197001252e-16, ""p95_absolute_db"": 8.881784197001252e-16, ""signed_mean_db"": -8.881784197001252e-16}","{""count"": 3, ""mae_db"": 8.881784197001252e-16, ""max_absolute_db"": 8.881784197001252e-16, ""p95_absolute_db"": 8.881784197001252e-16, ""signed_mean_db"": -8.881784197001252e-16}","{""count"": 3, ""mae_db"": 0.0, ""max_absolute_db"": 0.0, ""p95_absolute_db"": 0.0, ""signed_mean_db"": 0.0}","{""count"": 3, ""mae_db"": 8.881784197001252e-16, ""max_absolute_db"": 8.881784197001252e-16, ""p95_absolute_db"": 8.881784197001252e-16, ""signed_mean_db"": -8.881784197001252e-16}"
double_ridge,30,clear_within_radius,14500000000.0,39,39,0,"{""count"": 39, ""mae_db"": 0.0, ""max_absolute_db"": 0.0, ""p95_absolute_db"": 0.0, ""signed_mean_db"": 0.0}","{""count"": 39, ""mae_db"": 0.0, ""max_absolute_db"": 0.0, ""p95_absolute_db"": 0.0, ""signed_mean_db"": 0.0}","{""count"": 39, ""mae_db"": 0.0, ""max_absolute_db"": 0.0, ""p95_absolute_db"": 0.0, ""signed_mean_db"": 0.0}","{""count"": 39, ""mae_db"": 0.0, ""max_absolute_db"": 0.0, ""p95_absolute_db"": 0.0, ""signed_mean_db"": 0.0}"
flat,0,not_applicable,14500000000.0,24,0,0,"{""count"": 0, ""mae_db"": null, ""max_absolute_db"": null, ""p95_absolute_db"": null, ""signed_mean_db"": null}","{""count"": 0, ""mae_db"": null, ""max_absolute_db"": null, ""p95_absolute_db"": null, ""signed_mean_db"": null}","{""count"": 0, ""mae_db"": null, ""max_absolute_db"": null, ""p95_absolute_db"": null, ""signed_mean_db"": null}","{""count"": 0, ""mae_db"": null, ""max_absolute_db"": null, ""p95_absolute_db"": null, ""signed_mean_db"": null}"
flat,1,clear_within_radius,1000000000.0,3,3,0,"{""count"": 3, ""mae_db"": 0.0, ""max_absolute_db"": 0.0, ""p95_absolute_db"": 0.0, ""signed_mean_db"": 0.0}","{""count"": 3, ""mae_db"": 0.0, ""max_absolute_db"": 0.0, ""p95_absolute_db"": 0.0, ""signed_mean_db"": 0.0}","{""count"": 3, ""mae_db"": 0.0, ""max_absolute_db"": 0.0, ""p95_absolute_db"": 0.0, ""signed_mean_db"": 0.0}","{""count"": 3, ""mae_db"": 0.0, ""max_absolute_db"": 0.0, ""p95_absolute_db"": 0.0, ""signed_mean_db"": 0.0}"
flat,1,clear_within_radius,14500000000.0,39,39,0,"{""count"": 39, ""mae_db"": 0.0, ""max_absolute_db"": 0.0, ""p95_absolute_db"": 0.0, ""signed_mean_db"": 0.0}","{""count"": 39, ""mae_db"": 0.0, ""max_absolute_db"": 0.0, ""p95_absolute_db"": 0.0, ""signed_mean_db"": 0.0}","{""count"": 39, ""mae_db"": 0.0, ""max_absolute_db"": 0.0, ""p95_absolute_db"": 0.0, ""signed_mean_db"": 0.0}","{""count"": 39, ""mae_db"": 0.0, ""max_absolute_db"": 0.0, ""p95_absolute_db"": 0.0, ""signed_mean_db"": 0.0}"
flat,5,clear_within_radius,1000000000.0,3,3,0,"{""count"": 3, ""mae_db"": 0.0, ""max_absolute_db"": 0.0, ""p95_absolute_db"": 0.0, ""signed_mean_db"": 0.0}","{""count"": 3, ""mae_db"": 0.0, ""max_absolute_db"": 0.0, ""p95_absolute_db"": 0.0, ""signed_mean_db"": 0.0}","{""count"": 3, ""mae_db"": 0.0, ""max_absolute_db"": 0.0, ""p95_absolute_db"": 0.0, ""signed_mean_db"": 0.0}","{""count"": 3, ""mae_db"": 0.0, ""max_absolute_db"": 0.0, ""p95_absolute_db"": 0.0, ""signed_mean_db"": 0.0}"
flat,5,clear_within_radius,14500000000.0,39,39,0,"{""count"": 39, ""mae_db"": 0.0, ""max_absolute_db"": 0.0, ""p95_absolute_db"": 0.0, ""signed_mean_db"": 0.0}","{""count"": 39, ""mae_db"": 0.0, ""max_absolute_db"": 0.0, ""p95_absolute_db"": 0.0, ""signed_mean_db"": 0.0}","{""count"": 39, ""mae_db"": 0.0, ""max_absolute_db"": 0.0, ""p95_absolute_db"": 0.0, ""signed_mean_db"": 0.0}","{""count"": 39, ""mae_db"": 0.0, ""max_absolute_db"": 0.0, ""p95_absolute_db"": 0.0, ""signed_mean_db"": 0.0}"
flat,30,clear_within_radius,1000000000.0,3,3,0,"{""count"": 3, ""mae_db"": 0.0, ""max_absolute_db"": 0.0, ""p95_absolute_db"": 0.0, ""signed_mean_db"": 0.0}","{""count"": 3, ""mae_db"": 0.0, ""max_absolute_db"": 0.0, ""p95_absolute_db"": 0.0, ""signed_mean_db"": 0.0}","{""count"": 3, ""mae_db"": 0.0, ""max_absolute_db"": 0.0, ""p95_absolute_db"": 0.0, ""signed_mean_db"": 0.0}","{""count"": 3, ""mae_db"": 0.0, ""max_absolute_db"": 0.0, ""p95_absolute_db"": 0.0, ""signed_mean_db"": 0.0}"
flat,30,clear_within_radius,14500000000.0,39,39,0,"{""count"": 39, ""mae_db"": 0.0, ""max_absolute_db"": 0.0, ""p95_absolute_db"": 0.0, ""signed_mean_db"": 0.0}","{""count"": 39, ""mae_db"": 0.0, ""max_absolute_db"": 0.0, ""p95_absolute_db"": 0.0, ""signed_mean_db"": 0.0}","{""count"": 39, ""mae_db"": 0.0, ""max_absolute_db"": 0.0, ""p95_absolute_db"": 0.0, ""signed_mean_db"": 0.0}","{""count"": 39, ""mae_db"": 0.0, ""max_absolute_db"": 0.0, ""p95_absolute_db"": 0.0, ""signed_mean_db"": 0.0}"
near_transmitter,5,unknown,14500000000.0,1,0,0,"{""count"": 0, ""mae_db"": null, ""max_absolute_db"": null, ""p95_absolute_db"": null, ""signed_mean_db"": null}","{""count"": 0, ""mae_db"": null, ""max_absolute_db"": null, ""p95_absolute_db"": null, ""signed_mean_db"": null}","{""count"": 0, ""mae_db"": null, ""max_absolute_db"": null, ""p95_absolute_db"": null, ""signed_mean_db"": null}","{""count"": 0, ""mae_db"": null, ""max_absolute_db"": null, ""p95_absolute_db"": null, ""signed_mean_db"": null}"
nodata,5,unknown,14500000000.0,1,0,0,"{""count"": 0, ""mae_db"": null, ""max_absolute_db"": null, ""p95_absolute_db"": null, ""signed_mean_db"": null}","{""count"": 0, ""mae_db"": null, ""max_absolute_db"": null, ""p95_absolute_db"": null, ""signed_mean_db"": null}","{""count"": 0, ""mae_db"": null, ""max_absolute_db"": null, ""p95_absolute_db"": null, ""signed_mean_db"": null}","{""count"": 0, ""mae_db"": null, ""max_absolute_db"": null, ""p95_absolute_db"": null, ""signed_mean_db"": null}"
outside_dem,5,unknown,14500000000.0,1,0,0,"{""count"": 0, ""mae_db"": null, ""max_absolute_db"": null, ""p95_absolute_db"": null, ""signed_mean_db"": null}","{""count"": 0, ""mae_db"": null, ""max_absolute_db"": null, ""p95_absolute_db"": null, ""signed_mean_db"": null}","{""count"": 0, ""mae_db"": null, ""max_absolute_db"": null, ""p95_absolute_db"": null, ""signed_mean_db"": null}","{""count"": 0, ""mae_db"": null, ""max_absolute_db"": null, ""p95_absolute_db"": null, ""signed_mean_db"": null}"
qinling_foothill,1,blocked,14500000000.0,18,18,6,"{""count"": 12, ""mae_db"": 1.0464911075735521, ""max_absolute_db"": 2.341007553257988, ""p95_absolute_db"": 2.3394091188062465, ""signed_mean_db"": 1.0464911075735521}","{""count"": 12, ""mae_db"": 1.0464911075735521, ""max_absolute_db"": 2.341007553257988, ""p95_absolute_db"": 2.3394091188062465, ""signed_mean_db"": 1.0464911075735521}","{""count"": 12, ""mae_db"": 1.0464911075735515, ""max_absolute_db"": 2.341007553257981, ""p95_absolute_db"": 2.3394091188062434, ""signed_mean_db"": -1.0464911075735515}","{""count"": 0, ""mae_db"": null, ""max_absolute_db"": null, ""p95_absolute_db"": null, ""signed_mean_db"": null}"
qinling_foothill,1,clear_within_radius,14500000000.0,30,30,0,"{""count"": 30, ""mae_db"": 0.0, ""max_absolute_db"": 0.0, ""p95_absolute_db"": 0.0, ""signed_mean_db"": 0.0}","{""count"": 30, ""mae_db"": 0.0, ""max_absolute_db"": 0.0, ""p95_absolute_db"": 0.0, ""signed_mean_db"": 0.0}","{""count"": 30, ""mae_db"": 0.0, ""max_absolute_db"": 0.0, ""p95_absolute_db"": 0.0, ""signed_mean_db"": 0.0}","{""count"": 30, ""mae_db"": 0.0, ""max_absolute_db"": 0.0, ""p95_absolute_db"": 0.0, ""signed_mean_db"": 0.0}"
qinling_foothill,5,blocked,14500000000.0,12,12,6,"{""count"": 6, ""mae_db"": 0.0, ""max_absolute_db"": 0.0, ""p95_absolute_db"": 0.0, ""signed_mean_db"": 0.0}","{""count"": 6, ""mae_db"": 0.0, ""max_absolute_db"": 0.0, ""p95_absolute_db"": 0.0, ""signed_mean_db"": 0.0}","{""count"": 6, ""mae_db"": 0.0, ""max_absolute_db"": 0.0, ""p95_absolute_db"": 0.0, ""signed_mean_db"": 0.0}","{""count"": 6, ""mae_db"": 0.0, ""max_absolute_db"": 0.0, ""p95_absolute_db"": 0.0, ""signed_mean_db"": 0.0}"
qinling_foothill,5,clear_within_radius,14500000000.0,36,36,0,"{""count"": 36, ""mae_db"": 0.0, ""max_absolute_db"": 0.0, ""p95_absolute_db"": 0.0, ""signed_mean_db"": 0.0}","{""count"": 36, ""mae_db"": 0.0, ""max_absolute_db"": 0.0, ""p95_absolute_db"": 0.0, ""signed_mean_db"": 0.0}","{""count"": 36, ""mae_db"": 0.0, ""max_absolute_db"": 0.0, ""p95_absolute_db"": 0.0, ""signed_mean_db"": 0.0}","{""count"": 36, ""mae_db"": 0.0, ""max_absolute_db"": 0.0, ""p95_absolute_db"": 0.0, ""signed_mean_db"": 0.0}"
qinling_foothill,30,clear_within_radius,14500000000.0,48,48,0,"{""count"": 48, ""mae_db"": 0.0, ""max_absolute_db"": 0.0, ""p95_absolute_db"": 0.0, ""signed_mean_db"": 0.0}","{""count"": 48, ""mae_db"": 0.0, ""max_absolute_db"": 0.0, ""p95_absolute_db"": 0.0, ""signed_mean_db"": 0.0}","{""count"": 48, ""mae_db"": 0.0, ""max_absolute_db"": 0.0, ""p95_absolute_db"": 0.0, ""signed_mean_db"": 0.0}","{""count"": 48, ""mae_db"": 0.0, ""max_absolute_db"": 0.0, ""p95_absolute_db"": 0.0, ""signed_mean_db"": 0.0}"
qinling_mountain,1,blocked,14500000000.0,48,48,33,"{""count"": 15, ""mae_db"": 1.0213844635686882, ""max_absolute_db"": 2.28798959200234, ""p95_absolute_db"": 2.280171129228303, ""signed_mean_db"": 1.0213844635686873}","{""count"": 15, ""mae_db"": 1.0213844635686882, ""max_absolute_db"": 2.28798959200234, ""p95_absolute_db"": 2.280171129228303, ""signed_mean_db"": 1.0213844635686873}","{""count"": 15, ""mae_db"": 1.0213844635686806, ""max_absolute_db"": 2.287989592002333, ""p95_absolute_db"": 2.280171129228293, ""signed_mean_db"": -1.0213844635686806}","{""count"": 0, ""mae_db"": null, ""max_absolute_db"": null, ""p95_absolute_db"": null, ""signed_mean_db"": null}"
qinling_mountain,5,blocked,14500000000.0,36,36,27,"{""count"": 9, ""mae_db"": 0.0, ""max_absolute_db"": 0.0, ""p95_absolute_db"": 0.0, ""signed_mean_db"": 0.0}","{""count"": 9, ""mae_db"": 0.0, ""max_absolute_db"": 0.0, ""p95_absolute_db"": 0.0, ""signed_mean_db"": 0.0}","{""count"": 9, ""mae_db"": 0.0, ""max_absolute_db"": 0.0, ""p95_absolute_db"": 0.0, ""signed_mean_db"": 0.0}","{""count"": 9, ""mae_db"": 0.0, ""max_absolute_db"": 0.0, ""p95_absolute_db"": 0.0, ""signed_mean_db"": 0.0}"
qinling_mountain,5,clear_within_radius,14500000000.0,12,12,0,"{""count"": 12, ""mae_db"": 0.0, ""max_absolute_db"": 0.0, ""p95_absolute_db"": 0.0, ""signed_mean_db"": 0.0}","{""count"": 12, ""mae_db"": 0.0, ""max_absolute_db"": 0.0, ""p95_absolute_db"": 0.0, ""signed_mean_db"": 0.0}","{""count"": 12, ""mae_db"": 0.0, ""max_absolute_db"": 0.0, ""p95_absolute_db"": 0.0, ""signed_mean_db"": 0.0}","{""count"": 12, ""mae_db"": 0.0, ""max_absolute_db"": 0.0, ""p95_absolute_db"": 0.0, ""signed_mean_db"": 0.0}"
qinling_mountain,30,blocked,14500000000.0,12,12,6,"{""count"": 6, ""mae_db"": 0.0, ""max_absolute_db"": 0.0, ""p95_absolute_db"": 0.0, ""signed_mean_db"": 0.0}","{""count"": 6, ""mae_db"": 0.0, ""max_absolute_db"": 0.0, ""p95_absolute_db"": 0.0, ""signed_mean_db"": 0.0}","{""count"": 6, ""mae_db"": 0.0, ""max_absolute_db"": 0.0, ""p95_absolute_db"": 0.0, ""signed_mean_db"": 0.0}","{""count"": 6, ""mae_db"": 0.0, ""max_absolute_db"": 0.0, ""p95_absolute_db"": 0.0, ""signed_mean_db"": 0.0}"
qinling_mountain,30,clear_within_radius,14500000000.0,36,36,0,"{""count"": 36, ""mae_db"": 0.0, ""max_absolute_db"": 0.0, ""p95_absolute_db"": 0.0, ""signed_mean_db"": 0.0}","{""count"": 36, ""mae_db"": 0.0, ""max_absolute_db"": 0.0, ""p95_absolute_db"": 0.0, ""signed_mean_db"": 0.0}","{""count"": 36, ""mae_db"": 0.0, ""max_absolute_db"": 0.0, ""p95_absolute_db"": 0.0, ""signed_mean_db"": 0.0}","{""count"": 36, ""mae_db"": 0.0, ""max_absolute_db"": 0.0, ""p95_absolute_db"": 0.0, ""signed_mean_db"": 0.0}"
receiver_nodata,5,unknown,14500000000.0,1,0,0,"{""count"": 0, ""mae_db"": null, ""max_absolute_db"": null, ""p95_absolute_db"": null, ""signed_mean_db"": null}","{""count"": 0, ""mae_db"": null, ""max_absolute_db"": null, ""p95_absolute_db"": null, ""signed_mean_db"": null}","{""count"": 0, ""mae_db"": null, ""max_absolute_db"": null, ""p95_absolute_db"": null, ""signed_mean_db"": null}","{""count"": 0, ""mae_db"": null, ""max_absolute_db"": null, ""p95_absolute_db"": null, ""signed_mean_db"": null}"
resource_refusal,5,clear_within_radius,14500000000.0,1,0,0,"{""count"": 0, ""mae_db"": null, ""max_absolute_db"": null, ""p95_absolute_db"": null, ""signed_mean_db"": null}","{""count"": 0, ""mae_db"": null, ""max_absolute_db"": null, ""p95_absolute_db"": null, ""signed_mean_db"": null}","{""count"": 0, ""mae_db"": null, ""max_absolute_db"": null, ""p95_absolute_db"": null, ""signed_mean_db"": null}","{""count"": 0, ""mae_db"": null, ""max_absolute_db"": null, ""p95_absolute_db"": null, ""signed_mean_db"": null}"
single_ridge,0,not_applicable,14500000000.0,24,0,0,"{""count"": 0, ""mae_db"": null, ""max_absolute_db"": null, ""p95_absolute_db"": null, ""signed_mean_db"": null}","{""count"": 0, ""mae_db"": null, ""max_absolute_db"": null, ""p95_absolute_db"": null, ""signed_mean_db"": null}","{""count"": 0, ""mae_db"": null, ""max_absolute_db"": null, ""p95_absolute_db"": null, ""signed_mean_db"": null}","{""count"": 0, ""mae_db"": null, ""max_absolute_db"": null, ""p95_absolute_db"": null, ""signed_mean_db"": null}"
single_ridge,1,blocked,1000000000.0,3,3,0,"{""count"": 3, ""mae_db"": 5.136135284845793, ""max_absolute_db"": 5.421374717128643, ""p95_absolute_db"": 5.396239611709491, ""signed_mean_db"": 5.136135284845793}","{""count"": 3, ""mae_db"": 5.136135284845793, ""max_absolute_db"": 5.421374717128643, ""p95_absolute_db"": 5.396239611709491, ""signed_mean_db"": 5.136135284845793}","{""count"": 3, ""mae_db"": 5.136135284845788, ""max_absolute_db"": 5.421374717128629, ""p95_absolute_db"": 5.396239611709478, ""signed_mean_db"": -5.136135284845788}","{""count"": 0, ""mae_db"": null, ""max_absolute_db"": null, ""p95_absolute_db"": null, ""signed_mean_db"": null}"
single_ridge,1,blocked,14500000000.0,21,21,3,"{""count"": 18, ""mae_db"": 2.8416849820368975, ""max_absolute_db"": 3.8137987059374225, ""p95_absolute_db"": 3.8137987059374225, ""signed_mean_db"": 2.8416849820368975}","{""count"": 18, ""mae_db"": 2.8416849820368975, ""max_absolute_db"": 3.8137987059374225, ""p95_absolute_db"": 3.8137987059374225, ""signed_mean_db"": 2.8416849820368975}","{""count"": 18, ""mae_db"": 2.8416849820369015, ""max_absolute_db"": 3.813798705937444, ""p95_absolute_db"": 3.813798705937444, ""signed_mean_db"": -2.8416849820369015}","{""count"": 0, ""mae_db"": null, ""max_absolute_db"": null, ""p95_absolute_db"": null, ""signed_mean_db"": null}"
single_ridge,1,clear_within_radius,14500000000.0,18,18,0,"{""count"": 18, ""mae_db"": 0.0, ""max_absolute_db"": 0.0, ""p95_absolute_db"": 0.0, ""signed_mean_db"": 0.0}","{""count"": 18, ""mae_db"": 0.0, ""max_absolute_db"": 0.0, ""p95_absolute_db"": 0.0, ""signed_mean_db"": 0.0}","{""count"": 18, ""mae_db"": 0.0, ""max_absolute_db"": 0.0, ""p95_absolute_db"": 0.0, ""signed_mean_db"": 0.0}","{""count"": 18, ""mae_db"": 0.0, ""max_absolute_db"": 0.0, ""p95_absolute_db"": 0.0, ""signed_mean_db"": 0.0}"
single_ridge,5,blocked,1000000000.0,3,3,0,"{""count"": 3, ""mae_db"": 1.8131044236680154, ""max_absolute_db"": 3.0615502198101723, ""p95_absolute_db"": 2.9482777915404688, ""signed_mean_db"": 1.8131044236680154}","{""count"": 3, ""mae_db"": 1.8131044236680154, ""max_absolute_db"": 3.0615502198101723, ""p95_absolute_db"": 2.9482777915404688, ""signed_mean_db"": 1.8131044236680154}","{""count"": 3, ""mae_db"": 1.813104423668013, ""max_absolute_db"": 3.061550219810158, ""p95_absolute_db"": 2.9482777915404568, ""signed_mean_db"": -1.813104423668013}","{""count"": 0, ""mae_db"": null, ""max_absolute_db"": null, ""p95_absolute_db"": null, ""signed_mean_db"": null}"
single_ridge,5,blocked,14500000000.0,21,21,3,"{""count"": 18, ""mae_db"": 0.0, ""max_absolute_db"": 0.0, ""p95_absolute_db"": 0.0, ""signed_mean_db"": 0.0}","{""count"": 18, ""mae_db"": 0.0, ""max_absolute_db"": 0.0, ""p95_absolute_db"": 0.0, ""signed_mean_db"": 0.0}","{""count"": 18, ""mae_db"": 0.0, ""max_absolute_db"": 0.0, ""p95_absolute_db"": 0.0, ""signed_mean_db"": 0.0}","{""count"": 18, ""mae_db"": 0.0, ""max_absolute_db"": 0.0, ""p95_absolute_db"": 0.0, ""signed_mean_db"": 0.0}"
single_ridge,5,clear_within_radius,14500000000.0,18,18,0,"{""count"": 18, ""mae_db"": 0.0, ""max_absolute_db"": 0.0, ""p95_absolute_db"": 0.0, ""signed_mean_db"": 0.0}","{""count"": 18, ""mae_db"": 0.0, ""max_absolute_db"": 0.0, ""p95_absolute_db"": 0.0, ""signed_mean_db"": 0.0}","{""count"": 18, ""mae_db"": 0.0, ""max_absolute_db"": 0.0, ""p95_absolute_db"": 0.0, ""signed_mean_db"": 0.0}","{""count"": 18, ""mae_db"": 0.0, ""max_absolute_db"": 0.0, ""p95_absolute_db"": 0.0, ""signed_mean_db"": 0.0}"
single_ridge,30,clear_within_radius,1000000000.0,3,3,0,"{""count"": 3, ""mae_db"": 0.0, ""max_absolute_db"": 0.0, ""p95_absolute_db"": 0.0, ""signed_mean_db"": 0.0}","{""count"": 3, ""mae_db"": 0.0, ""max_absolute_db"": 0.0, ""p95_absolute_db"": 0.0, ""signed_mean_db"": 0.0}","{""count"": 3, ""mae_db"": 0.0, ""max_absolute_db"": 0.0, ""p95_absolute_db"": 0.0, ""signed_mean_db"": 0.0}","{""count"": 3, ""mae_db"": 0.0, ""max_absolute_db"": 0.0, ""p95_absolute_db"": 0.0, ""signed_mean_db"": 0.0}"
single_ridge,30,clear_within_radius,14500000000.0,39,39,0,"{""count"": 39, ""mae_db"": 0.0, ""max_absolute_db"": 0.0, ""p95_absolute_db"": 0.0, ""signed_mean_db"": 0.0}","{""count"": 39, ""mae_db"": 0.0, ""max_absolute_db"": 0.0, ""p95_absolute_db"": 0.0, ""signed_mean_db"": 0.0}","{""count"": 39, ""mae_db"": 0.0, ""max_absolute_db"": 0.0, ""p95_absolute_db"": 0.0, ""signed_mean_db"": 0.0}","{""count"": 39, ""mae_db"": 0.0, ""max_absolute_db"": 0.0, ""p95_absolute_db"": 0.0, ""signed_mean_db"": 0.0}"
terrace,0,not_applicable,14500000000.0,24,0,0,"{""count"": 0, ""mae_db"": null, ""max_absolute_db"": null, ""p95_absolute_db"": null, ""signed_mean_db"": null}","{""count"": 0, ""mae_db"": null, ""max_absolute_db"": null, ""p95_absolute_db"": null, ""signed_mean_db"": null}","{""count"": 0, ""mae_db"": null, ""max_absolute_db"": null, ""p95_absolute_db"": null, ""signed_mean_db"": null}","{""count"": 0, ""mae_db"": null, ""max_absolute_db"": null, ""p95_absolute_db"": null, ""signed_mean_db"": null}"
terrace,1,blocked,1000000000.0,3,3,0,"{""count"": 3, ""mae_db"": 5.134472188820458, ""max_absolute_db"": 5.420235297469816, ""p95_absolute_db"": 5.395053845820444, ""signed_mean_db"": 5.134472188820458}","{""count"": 3, ""mae_db"": 5.134472188820458, ""max_absolute_db"": 5.420235297469816, ""p95_absolute_db"": 5.395053845820444, ""signed_mean_db"": 5.134472188820458}","{""count"": 3, ""mae_db"": 5.134472188820458, ""max_absolute_db"": 5.420235297469816, ""p95_absolute_db"": 5.395053845820445, ""signed_mean_db"": -5.134472188820458}","{""count"": 0, ""mae_db"": null, ""max_absolute_db"": null, ""p95_absolute_db"": null, ""signed_mean_db"": null}"
terrace,1,blocked,14500000000.0,21,21,3,"{""count"": 18, ""mae_db"": 2.836073020478299, ""max_absolute_db"": 3.8099736006660123, ""p95_absolute_db"": 3.809973600666006, ""signed_mean_db"": 2.836073020478299}","{""count"": 18, ""mae_db"": 2.836073020478299, ""max_absolute_db"": 3.8099736006660123, ""p95_absolute_db"": 3.809973600666006, ""signed_mean_db"": 2.836073020478299}","{""count"": 18, ""mae_db"": 2.8360730204783002, ""max_absolute_db"": 3.8099736006660123, ""p95_absolute_db"": 3.8099736006660123, ""signed_mean_db"": -2.8360730204783002}","{""count"": 0, ""mae_db"": null, ""max_absolute_db"": null, ""p95_absolute_db"": null, ""signed_mean_db"": null}"
terrace,1,clear_within_radius,14500000000.0,18,18,0,"{""count"": 18, ""mae_db"": 0.0, ""max_absolute_db"": 0.0, ""p95_absolute_db"": 0.0, ""signed_mean_db"": 0.0}","{""count"": 18, ""mae_db"": 0.0, ""max_absolute_db"": 0.0, ""p95_absolute_db"": 0.0, ""signed_mean_db"": 0.0}","{""count"": 18, ""mae_db"": 0.0, ""max_absolute_db"": 0.0, ""p95_absolute_db"": 0.0, ""signed_mean_db"": 0.0}","{""count"": 18, ""mae_db"": 0.0, ""max_absolute_db"": 0.0, ""p95_absolute_db"": 0.0, ""signed_mean_db"": 0.0}"
terrace,5,blocked,1000000000.0,3,3,0,"{""count"": 3, ""mae_db"": 1.8118082194997907, ""max_absolute_db"": 3.0605868582951743, ""p95_absolute_db"": 2.9472825806166916, ""signed_mean_db"": 1.8118082194997907}","{""count"": 3, ""mae_db"": 1.8118082194997907, ""max_absolute_db"": 3.0605868582951743, ""p95_absolute_db"": 2.9472825806166916, ""signed_mean_db"": 1.8118082194997907}","{""count"": 3, ""mae_db"": 1.8118082194997858, ""max_absolute_db"": 3.060586858295153, ""p95_absolute_db"": 2.9472825806166725, ""signed_mean_db"": -1.8118082194997858}","{""count"": 0, ""mae_db"": null, ""max_absolute_db"": null, ""p95_absolute_db"": null, ""signed_mean_db"": null}"
terrace,5,blocked,14500000000.0,21,21,3,"{""count"": 18, ""mae_db"": 0.0, ""max_absolute_db"": 0.0, ""p95_absolute_db"": 0.0, ""signed_mean_db"": 0.0}","{""count"": 18, ""mae_db"": 0.0, ""max_absolute_db"": 0.0, ""p95_absolute_db"": 0.0, ""signed_mean_db"": 0.0}","{""count"": 18, ""mae_db"": 0.0, ""max_absolute_db"": 0.0, ""p95_absolute_db"": 0.0, ""signed_mean_db"": 0.0}","{""count"": 18, ""mae_db"": 0.0, ""max_absolute_db"": 0.0, ""p95_absolute_db"": 0.0, ""signed_mean_db"": 0.0}"
terrace,5,clear_within_radius,14500000000.0,18,18,0,"{""count"": 18, ""mae_db"": 0.0, ""max_absolute_db"": 0.0, ""p95_absolute_db"": 0.0, ""signed_mean_db"": 0.0}","{""count"": 18, ""mae_db"": 0.0, ""max_absolute_db"": 0.0, ""p95_absolute_db"": 0.0, ""signed_mean_db"": 0.0}","{""count"": 18, ""mae_db"": 0.0, ""max_absolute_db"": 0.0, ""p95_absolute_db"": 0.0, ""signed_mean_db"": 0.0}","{""count"": 18, ""mae_db"": 0.0, ""max_absolute_db"": 0.0, ""p95_absolute_db"": 0.0, ""signed_mean_db"": 0.0}"
terrace,30,clear_within_radius,1000000000.0,3,3,0,"{""count"": 3, ""mae_db"": 0.0, ""max_absolute_db"": 0.0, ""p95_absolute_db"": 0.0, ""signed_mean_db"": 0.0}","{""count"": 3, ""mae_db"": 0.0, ""max_absolute_db"": 0.0, ""p95_absolute_db"": 0.0, ""signed_mean_db"": 0.0}","{""count"": 3, ""mae_db"": 0.0, ""max_absolute_db"": 0.0, ""p95_absolute_db"": 0.0, ""signed_mean_db"": 0.0}","{""count"": 3, ""mae_db"": 0.0, ""max_absolute_db"": 0.0, ""p95_absolute_db"": 0.0, ""signed_mean_db"": 0.0}"
terrace,30,clear_within_radius,14500000000.0,39,39,0,"{""count"": 39, ""mae_db"": 0.0, ""max_absolute_db"": 0.0, ""p95_absolute_db"": 0.0, ""signed_mean_db"": 0.0}","{""count"": 39, ""mae_db"": 0.0, ""max_absolute_db"": 0.0, ""p95_absolute_db"": 0.0, ""signed_mean_db"": 0.0}","{""count"": 39, ""mae_db"": 0.0, ""max_absolute_db"": 0.0, ""p95_absolute_db"": 0.0, ""signed_mean_db"": 0.0}","{""count"": 39, ""mae_db"": 0.0, ""max_absolute_db"": 0.0, ""p95_absolute_db"": 0.0, ""signed_mean_db"": 0.0}"
xian_city,1,blocked,14500000000.0,9,9,0,"{""count"": 9, ""mae_db"": 1.009656796159443, ""max_absolute_db"": 2.2830448998562147, ""p95_absolute_db"": 2.2429118740365213, ""signed_mean_db"": 1.0096567961594427}","{""count"": 9, ""mae_db"": 1.009656796159443, ""max_absolute_db"": 2.2830448998562147, ""p95_absolute_db"": 2.2429118740365213, ""signed_mean_db"": 1.0096567961594427}","{""count"": 9, ""mae_db"": 1.0096567961594411, ""max_absolute_db"": 2.2830448998562076, ""p95_absolute_db"": 2.242911874036514, ""signed_mean_db"": -1.0096567961594411}","{""count"": 0, ""mae_db"": null, ""max_absolute_db"": null, ""p95_absolute_db"": null, ""signed_mean_db"": null}"
xian_city,1,clear_within_radius,14500000000.0,39,39,0,"{""count"": 39, ""mae_db"": 0.0, ""max_absolute_db"": 0.0, ""p95_absolute_db"": 0.0, ""signed_mean_db"": 0.0}","{""count"": 39, ""mae_db"": 0.0, ""max_absolute_db"": 0.0, ""p95_absolute_db"": 0.0, ""signed_mean_db"": 0.0}","{""count"": 39, ""mae_db"": 0.0, ""max_absolute_db"": 0.0, ""p95_absolute_db"": 0.0, ""signed_mean_db"": 0.0}","{""count"": 39, ""mae_db"": 0.0, ""max_absolute_db"": 0.0, ""p95_absolute_db"": 0.0, ""signed_mean_db"": 0.0}"
xian_city,5,clear_within_radius,14500000000.0,48,48,0,"{""count"": 48, ""mae_db"": 0.0, ""max_absolute_db"": 0.0, ""p95_absolute_db"": 0.0, ""signed_mean_db"": 0.0}","{""count"": 48, ""mae_db"": 0.0, ""max_absolute_db"": 0.0, ""p95_absolute_db"": 0.0, ""signed_mean_db"": 0.0}","{""count"": 48, ""mae_db"": 0.0, ""max_absolute_db"": 0.0, ""p95_absolute_db"": 0.0, ""signed_mean_db"": 0.0}","{""count"": 48, ""mae_db"": 0.0, ""max_absolute_db"": 0.0, ""p95_absolute_db"": 0.0, ""signed_mean_db"": 0.0}"
xian_city,30,clear_within_radius,14500000000.0,48,48,0,"{""count"": 48, ""mae_db"": 0.0, ""max_absolute_db"": 0.0, ""p95_absolute_db"": 0.0, ""signed_mean_db"": 0.0}","{""count"": 48, ""mae_db"": 0.0, ""max_absolute_db"": 0.0, ""p95_absolute_db"": 0.0, ""signed_mean_db"": 0.0}","{""count"": 48, ""mae_db"": 0.0, ""max_absolute_db"": 0.0, ""p95_absolute_db"": 0.0, ""signed_mean_db"": 0.0}","{""count"": 48, ""mae_db"": 0.0, ""max_absolute_db"": 0.0, ""p95_absolute_db"": 0.0, ""signed_mean_db"": 0.0}"
zenith,90,unknown,14500000000.0,1,0,0,"{""count"": 0, ""mae_db"": null, ""max_absolute_db"": null, ""p95_absolute_db"": null, ""signed_mean_db"": null}","{""count"": 0, ""mae_db"": null, ""max_absolute_db"": null, ""p95_absolute_db"": null, ""signed_mean_db"": null}","{""count"": 0, ""mae_db"": null, ""max_absolute_db"": null, ""p95_absolute_db"": null, ""signed_mean_db"": null}","{""count"": 0, ""mae_db"": null, ""max_absolute_db"": null, ""p95_absolute_db"": null, ""signed_mean_db"": null}"
